Candidate,Party,Vote Percentage,State,District,Incumbent,Winner,Money Raised,Money Spent
Doug Jones,D,39.6,Alabama,2020,True,False,"30,640,635","32,297,767"
Tommy Tuberville,R,60.2,Alabama,2020,False,True,"8,537,218","8,363,739"
Michael Parrish,I,0.0,Alabama,2020,False,False,"5,116","2,639"
Jerry Carl,R,64.9,Alabama,1,False,True,"1,971,321","1,859,349"
James Averhart,D,35.0,Alabama,1,False,False,"80,095","78,973"
Barry Moore,R,65.3,Alabama,2,False,True,"650,807","669,368"
Phyllis Harvey-Hall,D,34.6,Alabama,2,False,False,"56,050","55,988"
Mike D,R,67.5,Alabama,3,True,True,"1,193,111","1,218,564"
Adia Winfrey,D,32.4,Alabama,3,False,False,"50,273","40,971"
Robert B,R,82.5,Alabama,4,True,True,"1,255,076","1,323,812"
Mo Brooks,R,95.8,Alabama,5,True,True,"655,365","210,045"
Gary Palmer,R,97.1,Alabama,6,True,True,"907,219","909,082"
Terri Sewell,D,97.2,Alabama,7,True,True,"2,168,165","1,495,957"
Dan Sullivan,R,53.9,Alaska,2020,True,True,"10,472,845","9,999,482"
Al Gross,I,41.2,Alaska,2020,False,False,"19,393,431","19,366,600"
Don Young,R,54.4,Alaska,1,True,True,"1,922,901","1,790,448"
Alyse Galvin,I,45.3,Alaska,1,False,False,"5,178,452","5,088,103"
Martha McSally,R,48.8,Arizona,2020,True,False,"71,385,147","72,193,637"
Mark Kelly,D,51.2,Arizona,2020,False,True,"99,846,963","98,444,440"
Tom O'Halleran,D,51.6,Arizona,1,True,True,"3,381,353","3,324,138"
Tiffany Shedd,R,48.4,Arizona,1,False,False,"1,675,618","1,615,704"
Ann Kirkpatrick,D,55.1,Arizona,2,True,True,"1,849,862","1,384,765"
Brandon Martin,R,44.9,Arizona,2,False,False,"374,821","381,067"
Raul M,D,64.6,Arizona,3,True,True,"843,560","655,507"
Daniel Wood,R,35.4,Arizona,3,False,False,"41,422","41,962"
Paul Gosar,R,69.8,Arizona,4,True,True,"622,151","729,892"
Delina DiSanto,D,30.2,Arizona,4,False,False,"77,168","79,758"
Andy Biggs,R,58.9,Arizona,5,True,True,"1,602,181","1,236,380"
Joan Greene,D,41.1,Arizona,5,False,False,"356,069","209,789"
David Schweikert,R,52.2,Arizona,6,True,True,"2,265,329","2,249,979"
Hiral Tipirneni,D,47.8,Arizona,6,False,False,"6,301,073","6,366,702"
Tom Lewellen,I,0.0,Arizona,6,False,False,"11,685","11,000"
Ruben Gallego,D,76.7,Arizona,7,True,True,"1,811,754","1,653,961"
Josh Barnett,R,23.3,Arizona,7,False,False,"28,093","17,883"
Debbie Lesko,R,59.6,Arizona,8,True,True,"1,605,245","987,453"
Michael Muscato,D,40.4,Arizona,8,False,False,"357,906","347,734"
Greg Stanton,D,61.6,Arizona,9,True,True,"2,001,619","1,001,350"
Dave Giles,R,38.4,Arizona,9,False,False,"130,480","129,935"
Tom Cotton,R,66.5,Arkansas,2020,True,True,"12,801,063","6,658,318"
Ricky Dale,L,33.5,Arkansas,2020,False,False,"79,564","64,037"
Daniel Whitfield,I,0.0,Arkansas,2020,False,False,"68,536","48,227"
Rick Crawford,R,100.0,Arkansas,1,True,True,"966,801","1,095,518"
French Hill,R,55.4,Arkansas,2,True,True,"3,384,490","3,020,491"
Joyce Elliott,D,44.6,Arkansas,2,False,False,"3,482,463","3,478,733"
Steve Womack,R,64.3,Arkansas,3,True,True,"1,127,158","923,120"
Celeste Williams,D,31.8,Arkansas,3,False,False,"355,294","355,294"
Bruce Westerman,R,69.7,Arkansas,4,True,True,"1,407,770","1,102,573"
William Hanson,D,27.5,Arkansas,4,False,False,"109,767","111,683"
Doug LaMalfa,R,56.9,California,1,True,True,"1,219,556","1,155,945"
Audrey Denney,D,43.1,California,1,False,False,"2,461,769","2,457,661"
Jared Huffman,D,75.7,California,2,True,True,"899,419","797,753"
Dale Mensing,R,24.3,California,2,False,False,"5,921","2,197"
John Garamendi,D,54.7,California,3,True,True,"1,054,066","667,320"
Tamika Hamilton,R,45.3,California,3,False,False,"397,099","384,584"
Tom McClintock,R,55.9,California,4,True,True,"2,053,363","2,107,248"
Brynne Kennedy,D,44.1,California,4,False,False,"3,006,020","3,002,532"
Mike Thompson,D,76.8,California,5,True,True,"2,208,136","2,022,751"
Doris Matsui,D,73.4,California,6,True,True,"1,019,605","1,073,529"
Chris Bish,R,26.6,California,6,False,False,"44,772","44,554"
Ami Bera,D,56.6,California,7,True,True,"1,757,748","1,053,444"
Buzz Patterson,R,43.4,California,7,False,False,"43,876","29,614"
Jay Obernolte,R,56.1,California,8,False,True,"1,861,647","1,792,064"
Chris Bubser,D,43.9,California,8,False,False,"1,858,001","1,856,613"
Jerry McNerney,D,57.6,California,9,True,True,"1,177,959","1,112,543"
Tony Amador,R,42.4,California,9,False,False,"52,175","52,175"
Josh Harder,D,55.2,California,10,True,True,"7,400,135","3,950,613"
Ted Howze,R,44.8,California,10,False,False,"1,426,552","1,721,882"
Mark Desaulnier,D,73.0,California,11,True,True,"610,394","440,537"
Nisha Sharma,R,27.0,California,11,False,False,"174,954","171,870"
Nancy Pelosi,D,77.6,California,12,True,True,"27,359,508","22,064,953"
Shahid Buttar,D,22.4,California,12,False,False,"1,672,876","1,650,467"
Barbara Lee,D,90.4,California,13,True,True,"1,828,213","1,750,142"
Nikka Piterman,R,9.6,California,13,False,False,"9,839","9,904"
Jackie Speier,D,79.3,California,14,True,True,"942,934","919,599"
Eric Swalwell,D,70.9,California,15,True,True,"2,807,774","3,977,839"
Jim Costa,D,59.3,California,16,True,True,"2,135,525","1,835,244"
Kevin Cookingham,R,40.7,California,16,False,False,"265,364","265,364"
Ro Khanna,D,71.3,California,17,True,True,"3,837,982","2,455,457"
Ritesh Tandon,R,28.7,California,17,False,False,"175,536","175,015"
Anna Eshoo,D,63.2,California,18,True,True,"2,114,909","2,059,158"
Rishi Kumar,D,36.8,California,18,False,False,"674,383","691,938"
Zoe Lofgren,D,71.7,California,19,True,True,"1,755,555","1,731,700"
Justin Aguilera,R,28.3,California,19,False,False,"9,112","11,542"
Jimmy Panetta,D,76.8,California,20,True,True,"2,009,894","1,592,671"
Jeff Gorman,R,23.2,California,20,False,False,"67,634","64,947"
TJ Cox,D,49.6,California,21,True,False,"5,695,157","5,694,005"
David Valadao,R,50.4,California,21,False,True,"4,067,880","3,982,587"
Devin Nunes,R,54.2,California,22,True,True,"26,825,212","20,156,093"
Phil Arballo,D,45.8,California,22,False,False,"5,091,451","5,062,185"
Kevin McCarthy,R,62.1,California,23,True,True,"27,780,644","24,265,583"
Kim Mangone,D,37.9,California,23,False,False,"1,671,101","1,665,373"
Salud Carbajal,D,58.7,California,24,True,True,"2,117,836","1,451,622"
Andy Caldwell,R,41.3,California,24,False,False,"1,298,798","1,268,199"
Mike Garcia,R,0.0,California,25,False,True,"9,962,507","9,584,648"
Christy Smith,D,0.0,California,25,False,False,"5,977,734","5,808,477"
George Papadopoulos,R,0.0,California,25,False,False,"132,106","132,106"
Julia Brownley,D,60.6,California,26,True,True,"1,976,695","1,314,677"
Ronda Kennedy,R,39.4,California,26,False,False,"246,226","67,208"
Judy Chu,D,69.8,California,27,True,True,"1,213,706","956,298"
Johnny Nalbandian,R,30.2,California,27,False,False,"39,584","39,159"
Adam Schiff,D,72.7,California,28,True,True,"19,382,855","10,188,664"
Eric Early,R,27.3,California,28,False,False,"4,085,322","3,790,027"
Tony Cardenas,D,56.6,California,29,True,True,"1,419,697","1,213,588"
Angelica Duenas,3,43.4,California,29,False,False,"78,083","76,627"
Brad Sherman,D,69.5,California,30,True,True,"1,513,374","1,111,826"
Pete Aguilar,D,61.3,California,31,True,True,"2,475,748","1,861,434"
Agnes Gibboney,R,38.7,California,31,False,False,"138,687","127,907"
Grace Napolitano,D,66.6,California,32,True,True,"478,426","251,047"
Joshua Scott,R,33.4,California,32,False,False,"23,624","14,248"
Ted Lieu,D,67.6,California,33,True,True,"1,661,436","1,582,573"
James Bradley,R,32.4,California,33,False,False,"78,910","79,035"
Jimmy Gomez,D,53.0,California,34,True,True,"1,401,166","1,268,312"
David Kim,D,47.0,California,34,False,False,"193,430","80,381"
Norma Torres,D,69.3,California,35,True,True,"654,727","664,600"
Mike Cargile,R,30.7,California,35,False,False,"36,113","35,915"
Raul Ruiz,D,60.3,California,36,True,True,"2,402,624","1,732,443"
Erin Cruz,R,39.7,California,36,False,False,"54,217","53,840"
Karen Bass,D,85.9,California,37,True,True,"2,216,467","1,202,942"
Errol Webber,R,14.1,California,37,False,False,"66,398","174,076"
Linda Sanchez,D,74.3,California,38,True,True,"1,246,008","1,140,165"
Gil Cisneros,D,49.4,California,39,True,False,"4,370,133","4,350,464"
Young Kim,R,50.6,California,39,False,True,"6,424,556","6,021,651"
Lucille Roybal-Allard,D,72.7,California,40,True,True,"739,790","741,379"
Antonio Delgado,R,27.3,California,40,False,False,"85,014","79,270"
Mark Takano,D,64.0,California,41,True,True,"1,020,456","949,494"
Aja Smith,R,36.0,California,41,False,False,"660,658","659,909"
Ken Calvert,R,57.1,California,42,True,True,"1,441,812","1,549,113"
Liam O'Mara,D,42.9,California,42,False,False,"130,065","128,782"
Maxine Waters,D,71.7,California,43,True,True,"1,836,660","1,906,957"
Joe Collins,R,28.3,California,43,False,False,"10,556,626","9,921,103"
Nanette Barragan,D,67.8,California,44,True,True,"1,173,909","714,023"
Katie Porter,D,53.5,California,45,True,True,"16,627,706","6,443,700"
Greg Raths,R,46.5,California,45,False,False,"1,245,767","1,241,713"
Lou Correa,D,68.8,California,46,True,True,"1,192,715","650,707"
Alan Lowenthal,D,63.3,California,47,True,True,"678,648","854,902"
John Briscoe,R,36.7,California,47,False,False,"25,302","21,538"
Harley Rouda,D,48.9,California,48,True,False,"5,968,858","6,174,443"
Michelle Steel,R,51.1,California,48,False,True,"6,305,665","6,148,591"
Mike Levin,D,53.1,California,49,True,True,"3,845,768","2,901,566"
Brian Maryott,R,46.9,California,49,False,False,"2,810,253","2,808,217"
Darrell Issa,R,54.0,California,50,False,True,"11,239,670","10,947,106"
Ammar Campa-Najjar,D,46.0,California,50,False,False,"6,248,210","6,247,762"
Juan Vargas,D,68.3,California,51,True,True,"799,734","801,671"
Juan Hidalgo,R,31.7,California,51,False,False,"83,730","81,182"
Scott Peters,D,61.6,California,52,True,True,"1,911,791","2,131,849"
James Debello,R,38.4,California,52,False,False,"233,464","224,630"
Sara Jacobs,D,59.5,California,53,False,True,"7,678,363","7,586,186"
Georgette Gomez,D,40.5,California,53,False,False,"1,691,794","1,663,252"
Cory Gardner,R,44.2,Colorado,2020,True,False,"28,075,081","27,302,790"
John Hickenlooper,D,53.5,Colorado,2020,False,True,"43,012,518","41,370,435"
Diana DeGette,D,73.7,Colorado,1,True,True,"1,201,026","1,077,130"
Joseph Neguse,D,61.5,Colorado,2,True,True,"1,353,325","674,602"
Charles Winn,R,35.4,Colorado,2,False,False,"98,338","98,338"
Alex Johnson,I,0.0,Colorado,2,False,False,"4,782","4,093"
Diane Mitsch,D,45.2,Colorado,3,False,False,"5,008,274","4,984,238"
Lauren Boebert,R,51.4,Colorado,3,False,True,"2,989,510","2,632,716"
Chris Milton,3,1.0,Colorado,3,False,False,"12,012","12,012"
Ken Buck,R,60.1,Colorado,4,True,True,"478,984","539,393"
Ike McCorkle,D,36.1,Colorado,4,False,False,"369,871","217,398"
Doug Lamborn,R,57.6,Colorado,5,True,True,"540,712","329,011"
Jillian Freeland,D,37.4,Colorado,5,False,False,"185,255","175,548"
Rebecca Keltie,3,0.8,Colorado,5,False,False,"2,552","1,495"
Jason Crow,D,57.1,Colorado,6,True,True,"4,136,137","2,892,443"
Steven House,R,40.0,Colorado,6,False,False,"1,200,056","1,198,044"
Jaimie Kulikowski,3,0.9,Colorado,6,False,False,"72,293","110,645"
Ed Perlmutter,D,59.1,Colorado,7,True,True,"1,632,262","1,339,482"
Casper Stockham,R,37.6,Colorado,7,False,False,"147,872","147,872"
Anthony Malgieri,I,0.0,Colorado,7,False,False,"1,930","1,958"
John Larson,D,63.7,Connecticut,1,True,True,"1,377,238","1,323,690"
Mary Fay,R,35.0,Connecticut,1,False,False,"26,836","25,118"
Joe Courtney,D,59.4,Connecticut,2,True,True,"964,731","999,360"
Justin Anderson,R,38.2,Connecticut,2,False,False,"80,227","78,767"
Rosa DeLauro,D,58.7,Connecticut,3,True,True,"1,938,999","1,795,635"
Margaret Streicker,R,39.8,Connecticut,3,False,False,"1,839,080","1,835,385"
Justin Paglino,3,1.5,Connecticut,3,False,False,"29,200","28,670"
Jim Himes,D,62.3,Connecticut,4,True,True,"1,612,935","2,180,029"
Jonathan Riddle,R,36.2,Connecticut,4,False,False,"31,591","17,385"
Jahana Hayes,D,55.1,Connecticut,5,True,True,"2,037,826","1,564,685"
David Sullivan,R,43.5,Connecticut,5,False,False,"397,395","397,370"
Chris Coons,D,59.4,Delaware,2020,True,True,"7,145,796","6,023,516"
Lauren Witzke,R,37.9,Delaware,2020,False,False,"468,650","465,316"
Lisa Blunt,D,57.6,Delaware,1,True,True,"2,024,201","1,305,618"
Lee Murphy,R,40.2,Delaware,1,False,False,"131,394","131,862"
Catherine Purcell,I,1.4,Delaware,1,False,False,"5,344","5,103"
Matt Gaetz,R,64.6,Florida,1,True,True,"5,946,646","4,482,782"
Phil Ehr,D,34.0,Florida,1,False,False,"2,025,099","1,900,451"
Bert Oram,I,1.4,Florida,1,False,False,"8,108","7,070"
Neal Dunn,R,98.0,Florida,2,True,True,"653,488","637,580"
Kristy Thripp,I,0.0,Florida,2,False,False,145,145
Kat Cammack,R,57.1,Florida,3,False,True,"1,122,188","1,090,334"
Adam Christensen,D,42.9,Florida,3,False,False,"216,021","219,108"
John Rutherford,R,61.1,Florida,4,True,True,"1,024,912","1,283,701"
Donna Deegan,D,38.9,Florida,4,False,False,"1,013,157","1,013,157"
Al Lawson,D,65.1,Florida,5,True,True,"848,498","695,779"
Gary Adler,R,34.9,Florida,5,False,False,"146,909","146,909"
Michael Waltz,R,60.6,Florida,6,True,True,"2,549,667","1,716,768"
Clint Curtis,D,39.4,Florida,6,False,False,"24,310","22,251"
Gerry Nolan,I,0.0,Florida,6,False,False,"4,467","5,256"
Stephanie Murphy,D,55.3,Florida,7,True,True,"3,124,692","1,798,549"
Leo Valentin,R,43.2,Florida,7,False,False,"1,045,426","1,031,316"
Bill Garlington,I,1.4,Florida,7,False,False,"11,000",0
Bill Posey,R,61.4,Florida,8,True,True,"985,268","1,121,834"
James Kennedy,D,38.6,Florida,8,False,False,"138,568","138,790"
Darren Soto,D,56.0,Florida,9,True,True,"1,111,750","945,868"
William Olson,R,44.0,Florida,9,False,False,"404,406","401,088"
Val Demings,D,63.6,Florida,10,True,True,"1,876,047","1,191,020"
Vennia Francois,R,36.4,Florida,10,False,False,"335,480","332,852"
Kristofer Steven,I,0.0,Florida,10,False,False,47,47
Daniel Webster,R,66.7,Florida,11,True,True,"691,261","586,965"
Dana Cottrell,D,33.3,Florida,11,False,False,"62,658","62,380"
Gus Bilirakis,R,62.9,Florida,12,True,True,"1,604,137","1,548,634"
Kim Walker,D,37.1,Florida,12,False,False,"42,802","33,544"
Charlie Crist,D,53.0,Florida,13,True,True,"2,720,646","3,980,695"
Anna Paulina,R,47.0,Florida,13,False,False,"3,302,944","3,262,236"
Kathy Castor,D,60.3,Florida,14,True,True,"884,651","1,201,653"
Christine Quinn,R,39.7,Florida,14,False,False,"242,144","241,187"
Alan Cohn,D,44.6,Florida,15,False,False,"2,333,053","2,300,197"
Scott Franklin,R,55.4,Florida,15,False,True,"1,663,898","1,638,417"
Vernon Buchanan,R,55.5,Florida,16,True,True,"3,094,611","3,100,766"
Margaret Good,D,44.5,Florida,16,False,False,"3,411,924","3,407,845"
Greg Steube,R,64.6,Florida,17,True,True,"759,908","621,200"
Allen Ellison,D,34.1,Florida,17,False,False,"83,481","78,243"
Brian Mast,R,56.4,Florida,18,True,True,"6,128,177","5,301,307"
Pam Keith,D,41.5,Florida,18,False,False,"1,639,873","1,632,736"
Byron Donalds,R,61.3,Florida,19,False,True,"3,219,579","2,738,685"
Cindy Banyai,D,38.7,Florida,19,False,False,"214,750","203,430"
Alcee Hastings,D,78.7,Florida,20,True,True,"607,649","543,316"
Greg Musselwhite,R,21.3,Florida,20,False,False,"28,955","27,538"
Lois Frankel,D,59.0,Florida,21,True,True,"1,534,882","1,309,786"
Laura Loomer,R,39.1,Florida,21,False,False,"2,271,604","2,240,689"
Charleston Malkemus,I,1.9,Florida,21,False,False,"28,928","28,636"
Ted Deutch,D,58.6,Florida,22,True,True,"1,364,438","1,265,494"
Jim Pruden,R,41.4,Florida,22,False,False,"278,416","278,416"
Debbie Wasserman,D,58.2,Florida,23,True,True,"2,191,922","1,979,903"
Carla Spalding,R,41.8,Florida,23,False,False,"919,579","903,561"
Frederica Wilson,D,75.6,Florida,24,True,True,"412,592","321,019"
Lavern Spicer,R,20.4,Florida,24,False,False,"34,973","34,909"
Christine Olivo,I,4.0,Florida,24,False,False,"31,646","32,898"
Mario Diaz-Balart,R,100.0,Florida,25,True,True,"1,590,134","804,054"
Debbie Mucarsel-Powell,D,48.3,Florida,26,True,False,"6,793,521","6,822,740"
Carlos Gimenez,R,51.7,Florida,26,False,True,"2,226,559","2,187,389"
Donna Shalala,D,48.6,Florida,27,True,False,"3,842,907","3,735,966"
Maria Salazar,R,51.4,Florida,27,False,True,"3,654,190","3,645,814"
Frank Polo,I,0.0,Florida,27,False,False,"4,606","4,662"
David Perdue,R,49.7,Georgia,2020,True,False,"102,253,913","89,886,197"
Jon Ossoff,D,48.0,Georgia,2020,False,True,"153,630,112","149,298,379"
Valencia Stovall,I,0.0,Georgia,2020,False,False,"23,107","23,107"
Allen Buckley,I,0.0,Georgia,2020,False,False,"14,097","14,097"
Raphael Warnock,D,0.0,Georgia,2020,False,False,"145,728,550","142,497,506"
Kelly Loeffler,R,0.0,Georgia,2020,True,False,"92,135,745","70,879,780"
Doug Collins,R,0.0,Georgia,2020,False,False,"6,705,461","6,684,689"
Matthew Lieberman,D,0.0,Georgia,2020,False,False,"1,339,527","1,337,326"
Ed Tarver,D,0.0,Georgia,2020,False,False,"285,234","282,834"
Wayne Johnson,R,0.0,Georgia,2020,False,False,"151,000","146,813"
Richard Dien,D,0.0,Georgia,2020,False,False,"61,020","55,517"
Tamara Johnson-Shealey,D,0.0,Georgia,2020,False,False,"59,891","64,259"
Derrick Grayson,R,0.0,Georgia,2020,False,False,"33,247","27,829"
Kandiss Taylor,R,0.0,Georgia,2020,False,False,"30,769","25,549"
Deborah Jackson,D,0.0,Georgia,2020,False,False,"19,089","20,502"
John Fortuin,3,0.0,Georgia,2020,False,False,"8,681","8,616"
Al Bartell,I,0.0,Georgia,2020,False,False,"7,754","7,822"
Brian Slowinski,L,0.0,Georgia,2020,False,False,"5,220","5,220"
Buddy Carter,R,58.4,Georgia,1,True,True,"2,315,487","1,734,754"
Joyce Griggs,D,41.7,Georgia,1,False,False,"130,043","125,000"
Sanford Bishop,D,59.1,Georgia,2,True,True,"1,540,683","1,440,571"
Don Cole,R,40.9,Georgia,2,False,False,"164,274","162,522"
Drew Ferguson,R,65.0,Georgia,3,True,True,"2,374,212","2,150,911"
Val Almonord,D,35.0,Georgia,3,False,False,"35,762","31,946"
Hank Johnson,D,80.1,Georgia,4,True,True,"628,303","490,360"
Johsira C.,R,19.9,Georgia,4,False,False,"12,954","23,146"
Robert Franklin,D,0.0,Georgia,5,False,False,"360,473","358,394"
Kwanza Hall,D,0.0,Georgia,5,False,False,"239,597","227,091"
Chase Oliver,L,0.0,Georgia,5,False,False,"9,225","5,220"
Steven Muhammad,I,0.0,Georgia,5,False,False,"3,497","$4,965"
Lucy McBath,D,54.6,Georgia,6,True,True,"8,507,298","8,586,054"
Karen Handel,R,45.4,Georgia,6,False,False,"3,026,243","3,072,932"
Carolyn Bourdeaux,D,54.4,Georgia,7,False,True,"5,133,244","5,161,230"
Richard McCormick,R,48.6,Georgia,7,False,False,"2,595,446","2,563,724"
Austin Scott,R,64.5,Georgia,8,True,True,"821,745","716,159"
Jimmy Cooper,3,35.5,Georgia,8,False,False,"8,542","8,528"
Lindsay Holliday,D,0.0,Georgia,8,False,False,"7,480","5,220"
Andrew Clyde,R,78.6,Georgia,9,False,True,"1,569,425","1,561,316"
Devin Pandy,D,21.4,Georgia,9,False,False,"84,272","84,623"
Jody Hice,R,62.3,Georgia,10,True,True,"595,947","457,648"
Tabitha Johnson-Green,D,37.7,Georgia,10,False,False,"14,808","12,214"
Barry Loudermilk,R,60.4,Georgia,11,True,True,"877,767","700,851"
Dana Barrett,D,39.6,Georgia,11,False,False,"404,625","394,977"
Richard W,R,58.4,Georgia,12,True,True,"1,228,970","662,818"
Liz Johnson,D,41.6,Georgia,12,False,False,"72,061","72,061"
David Scott,D,77.4,Georgia,13,True,True,"1,209,614","1,131,746"
Becky Hites,R,22.6,Georgia,13,False,False,"63,509","62,935"
Martin Cowen,L,0.0,Georgia,13,False,False,"13,460","13,464"
Marjorie Taylor,R,74.8,Georgia,14,False,True,"2,596,914","2,237,599"
Ed Case,D,64.7,Hawaii,1,True,False,"508,249","472,569"
Ron Curtis,R,25.1,Hawaii,1,False,False,"12,538","12,647"
Kai Kahele,D,57.9,Hawaii,2,False,True,"1,235,523","1,039,637"
Joe Akana,R,28.3,Hawaii,2,False,False,"54,534","55,344"
Jonathan Hoomanawanui,3,2.2,Hawaii,2,False,False,"1,883","1,522"
James E,R,62.6,Idaho,2020,True,True,"3,321,170","2,271,880"
Paulette Jordan,D,33.3,Idaho,2020,False,False,"1,111,148","1,095,995"
Ray J.,3,1.2,Idaho,2020,False,False,"4,190","3,311"
Russ Fulcher,R,67.8,Idaho,1,True,True,"575,485","508,457"
Rudy Soto,D,28.7,Idaho,1,False,False,"302,902","302,902"
Mike Simpson,R,64.1,Idaho,2,True,True,"1,008,847","1,099,604"
Aaron Swisher,D,31.7,Idaho,2,False,False,"70,674","70,268"
Dick Durbin,D,54.6,Illinois,2020,True,True,"10,431,747","10,097,276"
Willie Wilson,I,4.0,Illinois,2020,False,False,"1,250,621","1,227,349"
Mark Curran,R,38.7,Illinois,2020,False,False,"352,283","352,283"
Danny Malouf,L,1.8,Illinois,2020,False,False,"12,536","12,179"
Bobby Rush,D,73.8,Illinois,1,True,True,"541,435","496,454"
Philanise White,R,26.2,Illinois,1,False,False,"6,289","5,048"
Robin Kelly,D,78.8,Illinois,2,True,True,"1,634,783","1,108,137"
Marie Newman,D,56.4,Illinois,3,False,True,"2,802,093","2,699,323"
Mike Fricilone,R,43.6,Illinois,3,False,False,"128,458","127,980"
Jesus Garcia,D,16.0,Illinois,4,True,True,"822,846","711,159"
Jesus Solorio,R,84.0,Illinois,4,False,False,"2,065",843
Mike Quigley,D,70.8,Illinois,5,True,True,"1,171,507","926,655"
Sean Casten,D,52.8,Illinois,6,True,True,"5,582,179","5,313,570"
Jeanne Ives,R,45.4,Illinois,6,False,False,"3,157,771","3,135,464"
Bill Redpath,L,1.7,Illinois,6,False,False,"9,837","9,837"
Danny K,D,80.4,Illinois,7,True,True,"544,690","505,506"
Tracy Jennings,3,6.2,Illinois,7,False,False,"65,283","65,283"
Raja Krishnamoorthi,D,73.2,Illinois,8,True,True,"6,358,878","2,207,703"
Jan Schakowsky,D,71.0,Illinois,9,True,True,"1,834,801","1,514,838"
Sargis Sangari,R,29.0,Illinois,9,False,False,"35,364","34,715"
Brad Schneider,D,63.8,Illinois,10,True,True,"3,459,512","2,873,333"
Valerie Ramirez,R,36.2,Illinois,10,False,False,"130,225","64,764"
Bill Foster,D,63.3,Illinois,11,True,True,"2,381,354","1,823,906"
Rick Laib,R,36.7,Illinois,11,False,False,"20,343","20,064"
Mike Bost,R,60.6,Illinois,12,True,True,"1,918,041","1,509,573"
Ray Lenzi,D,39.4,Illinois,12,False,False,"161,324","104,809"
Rodney Davis,R,54.4,Illinois,13,True,True,"4,943,459","4,822,600"
Betsy Dirksen,D,45.6,Illinois,13,False,False,"5,297,007","5,281,880"
Lauren A,D,50.7,Illinois,14,True,True,"7,803,579","7,301,503"
Jim Oberweis,R,49.3,Illinois,14,False,False,"2,438,857","2,348,798"
Mary Miller,R,73.5,Illinois,15,False,True,"689,057","570,356"
Erika Weaver,D,26.5,Illinois,15,False,False,"58,689","23,349"
Adam Kinzinger,R,64.8,Illinois,16,True,True,"2,105,736","1,588,550"
Dani Brzozowski,D,35.2,Illinois,16,False,False,"459,344","376,167"
Cheri Bustos,D,52.0,Illinois,17,True,True,"4,975,192","6,391,009"
Esther Joy,R,48.0,Illinois,17,False,False,"2,032,878","2,030,587"
Darin LaHood,R,70.5,Illinois,18,True,True,"3,248,113","1,749,128"
Frank Mrvan,D,56.6,Indiana,1,False,True,"578,635","464,407"
Mark Leyva,R,40.4,Indiana,1,False,False,"16,551","15,343"
Jackie Walorski,R,61.5,Indiana,2,True,True,"2,383,467","1,698,202"
Pat Hackett,D,38.5,Indiana,2,False,False,"881,888","867,301"
Jim Banks,R,67.8,Indiana,3,True,True,"1,202,509","769,591"
Chip Coldiron,D,32.2,Indiana,3,False,False,"94,056","89,883"
Jim Baird,R,66.6,Indiana,4,True,True,"327,727","190,158"
Joe Mackey,D,33.4,Indiana,4,False,False,"44,585","43,213"
Christina Hale,D,45.9,Indiana,5,False,False,"4,010,368","3,998,905"
Victoria Spartz,R,50.0,Indiana,5,False,True,"3,119,328","3,010,203"
Greg Pence,R,68.7,Indiana,6,True,True,"3,114,448","2,804,148"
Jeannine Lee,D,27.7,Indiana,6,False,False,"143,089","145,315"
Andre Carson,D,62.4,Indiana,7,True,True,"1,011,635","873,962"
Susan Marie,R,37.6,Indiana,7,False,False,"62,905","59,843"
Larry Bucshon,R,66.9,Indiana,8,True,True,"1,051,336","1,078,646"
Thomasina Marsili,D,29.8,Indiana,8,False,False,"68,734","68,480"
Trey Hollingsworth,R,60.9,Indiana,9,True,True,"1,166,754","501,136"
Andy Ruff,D,34.8,Indiana,9,False,False,"148,263","134,906"
Tonya Millis,L,4.3,Indiana,9,False,False,"10,224","10,041"
Joni Ernst,R,51.8,Iowa,2020,True,True,"30,345,910","29,945,779"
Theresa Greenfield,D,45.2,Iowa,2020,False,False,"55,592,603","55,562,367"
Suzanne Herzog,I,0.8,Iowa,2020,False,False,"18,300","18,300"
Rick Stewart,L,2.2,Iowa,2020,False,False,"8,820","16,093"
Abby Finkenauer,D,48.7,Iowa,1,True,False,"5,901,441","5,875,405"
Ashley Hinson,R,51.3,Iowa,1,False,True,"5,175,883","5,059,211"
Rita Hart,D,50.0,Iowa,2,False,False,"4,232,992","4,114,400"
Mariannette Miller-Meeks,R,50.0,Iowa,2,False,True,"2,174,194","1,721,926"
Cindy Axne,D,49.0,Iowa,3,True,True,"6,236,976","6,236,994"
David Young,R,47.6,Iowa,3,False,False,"3,170,072","3,094,582"
J.D. Scholten,D,62.1,Iowa,4,False,False,"2,885,915","2,902,003"
Randy Feenstra,R,37.9,Iowa,4,False,True,"1,906,234","1,894,288"
Barbara Bollier,D,41.6,Kansas,2020,False,False,"28,662,913","28,499,933"
Roger Marshall,R,53.5,Kansas,2020,False,True,"6,609,476","7,007,803"
Tracey Mann,R,71.4,Kansas,1,False,True,"1,403,353","1,127,156"
Kali Barnett,D,28.6,Kansas,1,False,False,"603,036","592,924"
Michelle De,D,40.5,Kansas,2,False,False,"1,825,085","1,810,968"
Jake Laturner,R,55.3,Kansas,2,False,True,"1,593,407","1,578,460"
Sharice Davids,D,53.4,Kansas,3,True,True,"5,638,552","5,168,034"
Amanda Adkins,R,43.8,Kansas,3,False,False,"2,182,382","2,139,673"
Ron Estes,R,64.0,Kansas,4,True,True,"1,993,808","1,420,188"
Laura Lombard,D,36.0,Kansas,4,False,False,"264,459","258,684"
Mitch McConnell,R,57.8,Kentucky,2020,True,True,"71,351,350","64,787,889"
Amy McGrath,D,38.2,Kentucky,2020,False,False,"94,120,557","90,775,744"
Brad Barron,L,4.0,Kentucky,2020,False,False,"112,187","16,601"
James Comer,R,75.0,Kentucky,1,True,True,"736,116","502,554"
Brett Guthrie,R,71.0,Kentucky,2,True,True,"1,412,797","1,566,622"
Hank Linderman,D,26.3,Kentucky,2,False,False,"93,388","71,122"
Robert Lee,L,2.1,Kentucky,2,False,False,"12,798","7,825"
John Yarmuth,D,62.7,Kentucky,3,True,True,"658,295","690,226"
Rhonda Palazzo,R,37.3,Kentucky,3,False,False,"46,144","45,668"
Thomas Massie,R,67.1,Kentucky,4,True,True,"1,457,316","1,563,275"
Alexandra Owensby,D,32.9,Kentucky,4,False,False,"156,174","106,359"
Hal Rogers,R,84.2,Kentucky,5,True,True,"664,168","835,781"
Andy Barr,R,57.3,Kentucky,6,True,True,"4,536,264","4,316,239"
Josh Hicks,D,41.0,Kentucky,6,False,False,"2,936,320","2,935,615"
Bill Cassidy,R,59.3,Louisiana,2020,True,True,"11,304,150","10,558,926"
Adrian Perkins,D,19.0,Louisiana,2020,False,False,"2,725,722","2,570,823"
Peter Wenstrup,D,0.7,Louisiana,2020,False,False,"160,339","148,632"
Dartanyon Williams,D,2.6,Louisiana,2020,False,False,"111,316","98,114"
Antoine Pierce,D,1.9,Louisiana,2020,False,False,"100,627","54,892"
Derrick Edwards,D,0.8,Louisiana,2020,False,False,"41,702","37,897"
Dustin Murphy,R,0.8,Louisiana,2020,False,False,"12,765","8,694"
Beryl Billiot,I,0.6,Louisiana,2020,False,False,"6,375","6,375"
John Paul,I,0.0,Louisiana,2020,False,False,"3,500","3,400"
Aaron Sigler,L,0.0,Louisiana,2020,False,False,"3,298","2,647"
Steve Scalise,R,72.2,Louisiana,1,True,True,"37,262,827","32,830,607"
Cedric Richmond,D,63.6,Louisiana,2,True,True,"1,628,289","1,302,079"
Clay Higgins,R,67.8,Louisiana,3,True,True,"751,498","720,424"
Robert Jon,D,11.6,Louisiana,3,False,False,"63,617","48,015"
Braylon Harris,D,17.9,Louisiana,3,False,False,"23,006","15,130"
Mike Johnson,R,60.4,Louisiana,4,True,True,"1,299,787","1,039,393"
Kenny Houston,D,25.5,Louisiana,4,False,False,"33,677","33,407"
Luke Letlow,R,0.0,Louisiana,5,False,False,"1,392,822","1,303,757"
Lance Harris,R,0.0,Louisiana,5,False,False,"696,805","687,833"
Martin Lemelle,D,0.0,Louisiana,5,False,False,"173,796","162,747"
Scotty Robinson,R,0.0,Louisiana,5,False,False,"113,903","113,835"
Candy Christophe,D,0.0,Louisiana,5,False,False,"77,101","131,161"
Phillip Snowden,D,0.0,Louisiana,5,False,False,"29,481","28,077"
Matthew Hasty,R,0.0,Louisiana,5,False,False,"2,654","2,615"
Garret Graves,R,71.1,Louisiana,6,True,True,"1,743,015","1,200,287"
Dartanyon Williams,D,25.6,Louisiana,6,False,False,"111,316","98,114"
Susan Collins,R,51.1,Maine,2020,True,True,"29,967,118","29,600,689"
Sara Gideon,D,42.2,Maine,2020,False,False,"74,498,517","62,939,062"
Max Linn,I,1.7,Maine,2020,False,False,"505,540","490,653"
Lisa Savage,3,5.0,Maine,2020,False,False,"208,800","197,255"
Chellie Pingree,D,61.5,Maine,1,True,True,"487,080","264,790"
Jay Allen,R,38.5,Maine,1,False,False,"79,585","69,853"
Jared Golden,D,52.9,Maine,2,True,True,"5,272,142","5,233,990"
Dale Crafts,R,47.1,Maine,2,False,False,"1,199,805","1,196,117"
Andy Harris,R,63.5,Maryland,1,True,True,"1,468,096","973,953"
Mia Mason,D,36.3,Maryland,1,False,False,"2,524",0
Dutch Ruppersberger,D,67.2,Maryland,2,True,True,"1,012,835","927,353"
Johnny Ray,R,32.6,Maryland,2,False,False,"68,320","66,895"
John Sarbanes,D,69.5,Maryland,3,True,True,"573,599","687,299"
Charles Anthony,R,30.3,Maryland,3,False,False,"7,798","6,742"
Anthony Brown,D,79.3,Maryland,4,True,True,"1,446,636","846,827"
Steny H,D,68.5,Maryland,5,True,True,"4,587,189","4,342,255"
Chris Palombi,R,31.2,Maryland,5,False,False,"43,462","42,095"
David Trone,D,57.9,Maryland,6,True,True,"2,944,893","2,959,748"
Neil Parrott,R,40.2,Maryland,6,False,False,"315,936","261,259"
Kimberly Klacik,R,0.0,Maryland,7,False,False,"8,296,845","7,499,454"
Kweisi Mfume,D,0.0,Maryland,7,False,True,"1,014,126","713,389"
Kweisi Mfume,D,71.6,Maryland,7,True,True,"1,014,126","713,389"
Kimberly Klacik,R,28.1,Maryland,7,False,False,"8,296,845","7,499,454"
Amber Ivey,I,0.0,Maryland,7,False,False,"41,924","43,394"
Jamie Raskin,D,67.3,Maryland,8,True,True,"2,072,652","1,399,252"
Gregory Coll,R,32.5,Maryland,8,False,False,"30,876","27,257"
Ed Markey,D,66.2,Massachusetts,2020,True,True,"14,031,363","14,616,488"
Kevin O'Connor,R,33.0,Massachusetts,2020,False,False,"937,696","874,733"
Edward James,I,0.0,Massachusetts,2020,False,False,"5,625","4,966"
Richard E,D,96.5,Massachusetts,1,True,True,"4,949,384","5,873,122"
James P,D,65.3,Massachusetts,2,True,True,"1,052,549","1,089,412"
Tracy Lovvorn,R,34.6,Massachusetts,2,False,False,"26,311","22,319"
Lori Trahan,D,97.7,Massachusetts,3,True,True,"1,449,303","1,232,437"
Jake Auchincloss,D,60.8,Massachusetts,4,False,True,"2,608,686","2,150,904"
Julie Hall,R,38.9,Massachusetts,4,False,False,"131,603","129,378"
Katherine Clark,D,74.3,Massachusetts,5,True,True,"1,788,706","1,514,877"
Caroline Colarusso,R,25.6,Massachusetts,5,False,False,"148,635","146,972"
Seth Moulton,D,65.4,Massachusetts,6,True,True,"1,289,805","1,802,169"
John Paul,R,34.4,Massachusetts,6,False,False,"300,220","299,104"
Ayanna Pressley,D,86.6,Massachusetts,7,True,True,"2,163,370","1,748,432"
Stephen Lynch,D,80.7,Massachusetts,8,True,True,"905,614","1,134,662"
Bill Keating,D,61.3,Massachusetts,9,True,True,"708,680","652,448"
Helen Brady,R,36.3,Massachusetts,9,False,False,"28,233","23,735"
Gary Peters,D,49.9,Michigan,2020,True,True,"51,566,900","49,991,665"
John James,R,48.3,Michigan,2020,False,False,"48,616,697","47,513,284"
John Bergman,R,61.6,Michigan,1,True,True,"1,868,512","1,733,466"
Dana Ferguson,D,36.9,Michigan,1,False,False,"346,213","339,788"
Bill Huizenga,R,59.2,Michigan,2,True,True,"2,175,411","1,883,610"
Bryan Berghoef,D,38.2,Michigan,2,False,False,"751,576","669,864"
Jean-Michel Creviere,3,0.7,Michigan,2,False,False,281,"1,207"
Hillary Scholten,D,47.0,Michigan,3,False,False,"3,793,132","3,765,942"
Peter Meijer,R,53.0,Michigan,3,False,True,"2,975,972","2,887,774"
John Moolenaar,R,65.0,Michigan,4,True,True,"1,528,612","1,036,160"
Jerry Hilliard,D,32.4,Michigan,4,False,False,"23,117","23,603"
Dan Kildee,D,54.5,Michigan,5,True,True,"1,669,951","1,504,094"
Tim Kelly,R,41.7,Michigan,5,False,False,"71,106","71,106"
Fred Upton,R,55.8,Michigan,6,True,True,"3,616,380","3,464,617"
Jon Hoadley,D,40.1,Michigan,6,False,False,"3,116,491","3,098,366"
Tim Walberg,R,58.8,Michigan,7,True,True,"2,301,635","1,586,358"
Gretchen Driskell,D,41.3,Michigan,7,False,False,"1,712,840","1,712,840"
Elissa Slotkin,D,50.9,Michigan,8,True,True,"8,967,420","7,419,974"
Paul Junge,R,47.3,Michigan,8,False,False,"2,107,608","2,097,131"
Andy Levin,D,57.8,Michigan,9,True,True,"1,316,607","907,237"
Lisa McClain,R,66.3,Michigan,10,False,True,"2,266,287","2,137,031"
Kimberly Bizon,D,33.7,Michigan,10,False,False,"41,438","41,246"
Haley Stevens,D,50.2,Michigan,11,True,True,"5,776,924","5,707,448"
Eric Esshaki,R,47.8,Michigan,11,False,False,"1,298,612","1,291,509"
Debbie Dingell,D,66.4,Michigan,12,True,True,"1,630,498","1,689,582"
Jeff Jones,R,30.7,Michigan,12,False,False,"10,616","9,657"
Rashida Tlaib,D,77.9,Michigan,13,True,True,"4,014,411","3,690,334"
Donald Eason,I,0.0,Michigan,13,False,False,"34,156","34,156"
Brenda Lawrence,D,78.9,Michigan,14,True,True,"1,084,662","789,570"
Vance Patrick,R,18.7,Michigan,14,False,False,"39,670","41,973"
Tina Smith,D,48.7,Minnesota,2020,True,True,"16,273,914","15,905,941"
Jason Lewis,R,43.5,Minnesota,2020,False,False,"7,083,881","6,723,356"
Jim Hagedorn,R,48.6,Minnesota,01,True,True,"2,386,033","2,305,994"
Daniel Feehan,D,45.5,Minnesota,01,False,False,"4,861,651","4,863,835"
Angie Craig,D,48.2,Minnesota,02,True,True,"5,380,101","4,435,492"
Tyler Kistner,R,45.9,Minnesota,02,False,False,"2,990,054","2,956,042"
Dean Phillips,D,55.6,Minnesota,03,True,True,"2,328,616","2,152,031"
Kendall Qualls,R,44.3,Minnesota,03,False,False,"1,863,927","1,751,214"
Gary Heyer,I,0.0,Minnesota,03,False,False,827,827
Betty McCollum,D,63.2,Minnesota,04,True,True,"1,171,748","994,072"
Gene Rechtzigel,R,29.0,Minnesota,04,False,False,"20,075","20,075"
Ilhan Omar,D,64.3,Minnesota,05,True,True,"5,718,517","5,605,576"
Lacy Johnson,R,25.8,Minnesota,05,False,False,"12,050,564","12,000,896"
Chris Kelley,3,0.0,Minnesota,05,False,False,"249,583","249,583"
Ervan Katari,I,0.0,Minnesota,05,False,False,255,187
Tom Emmer,R,65.5,Minnesota,06,True,True,"2,804,265","2,537,612"
Tawnja Zahradka,D,34.3,Minnesota,06,False,False,"49,242","49,214"
Collin Peterson,D,39.9,Minnesota,07,True,False,"2,714,012","2,867,577"
Michelle Fischbach,R,53.4,Minnesota,07,False,True,"2,618,450","2,580,501"
Pete Stauber,R,56.7,Minnesota,08,True,True,"2,593,190","2,608,759"
Quinn Nystrom,D,37.6,Minnesota,08,False,False,"1,530,606","1,527,005"
Cindy Hyde-Smith,R,54.1,Mississippi,2020,True,True,"3,374,055","3,259,427"
Mike Espy,D,44.1,Mississippi,2020,False,False,"12,200,589","12,319,166"
Trent Kelly,R,68.7,Mississippi,01,True,True,"876,882","826,673"
Antonia Eliason,D,31.3,Mississippi,01,False,False,"22,281","18,174"
Bennie G,D,66.0,Mississippi,02,True,True,"1,377,392","1,096,904"
Michael Guest,R,64.7,Mississippi,03,True,True,"766,807","518,162"
Steven Palazzo,R,100.0,Mississippi,04,True,True,"817,129","747,217"
Cori Bush,D,78.8,Missouri,01,False,True,"1,418,014","1,333,512"
Ann Wagner,R,52.0,Missouri,02,True,True,"5,598,287","6,513,101"
Jill Schupp,D,45.4,Missouri,02,False,False,"4,850,948","4,830,434"
Blaine Luetkemeyer,R,69.4,Missouri,03,True,True,"2,022,905","2,081,391"
Vicky Hartzler,R,67.6,Missouri,04,True,True,"1,700,978","1,335,607"
Lindsey Simmons,D,29.7,Missouri,04,False,False,"395,934","384,622"
Emanuel Cleaver,D,58.5,Missouri,05,True,True,"1,393,847","928,061"
Ryan Derks,R,38.7,Missouri,05,False,False,"76,488","76,488"
Sam Graves,R,67.1,Missouri,06,True,True,"1,959,516","1,654,756"
Gena Ross,D,30.8,Missouri,06,False,False,"10,170","10,530"
Billy Long,R,68.7,Missouri,07,True,True,"1,320,420","1,518,234"
Audrey Richards,I,0.0,Missouri,07,False,False,"7,985","8,113"
Jason Smith,R,76.9,Missouri,08,True,True,"1,900,227","1,514,786"
Kathryn Ellis,D,21.4,Missouri,08,False,False,"302,428","305,387"
Steven Daines,R,55.0,Montana,2020,True,True,"32,792,199","33,543,538"
Steve Bullock,D,45.0,Montana,2020,False,False,"48,737,896","47,788,546"
Susan Good,L,0.0,Montana,2020,False,False,"2,447","2,447"
Kathleen Williams,D,43.6,Montana,01,False,False,"6,201,758","6,232,286"
Matt Rosendale,R,56.4,Montana,01,False,True,"3,674,706","3,488,045"
Ben Sasse,R,67.4,Nebraska,2020,True,True,"6,364,309","5,018,942"
Chris Janicek,D,26.2,Nebraska,2020,False,False,"144,666","126,459"
Jeff Fortenberry,R,59.5,Nebraska,01,True,True,"1,472,816","2,458,330"
Kate Bolz,D,37.7,Nebraska,01,False,False,"1,143,509","1,140,371"
Don Bacon,R,50.6,Nebraska,02,True,True,"3,749,272","3,713,961"
Kara Eastman,D,46.3,Nebraska,02,False,False,"4,414,390","4,468,006"
Adrian Smith,R,78.5,Nebraska,03,True,True,"1,506,473","1,148,409"
Mark Elworth,D,17.7,Nebraska,03,False,False,255,0
Dina Titus,D,61.8,Nevada,01,True,True,"706,193","587,919"
Mark Amodei,R,56.5,Nevada,02,True,True,"1,048,056","1,016,673"
Patricia Ackerman,D,40.7,Nevada,02,False,False,"449,363","449,449"
Susie Lee,D,48.8,Nevada,03,True,True,"4,748,019","4,732,009"
Dan Rodimer,R,45.8,Nevada,03,False,False,"2,936,059","2,915,216"
Steven Horsford,D,50.7,Nevada,04,True,True,"3,492,372","3,024,427"
Jim Marchant,R,45.8,Nevada,04,False,False,"1,462,772","1,419,405"
Jonathan Royce,L,2.4,Nevada,04,False,False,"2,788","1,603"
Jeanne Shaheen,D,56.7,New,Senate,True,True,"19,391,937","18,362,179"
Corky Messner,R,41.0,New,Senate,False,False,"4,068,749","4,010,449"
Justin O'Donnell,L,2.3,New,Senate,False,False,"6,240","4,853"
Chris Pappas,D,51.3,New,District,True,True,"3,205,731","3,105,663"
Matt Mowers,R,46.2,New,District,False,False,"1,707,214","1,698,761"
Ann Kuster,D,53.9,New,District,True,True,"2,960,033","2,970,274"
Steve Negron,R,43.7,New,District,False,False,"368,177","378,959"
Cory Booker,D,57.2,New,Senate,True,True,"15,366,762","10,326,636"
Rik Mehta,R,40.9,New,Senate,False,False,"586,706","586,153"
Veronica Fernandez,I,0.7,New,Senate,False,False,"12,633","12,633"
Daniel Burke,I,0.3,New,Senate,False,False,"7,220","7,100"
Madelyn Hoffman,3,0.9,New,Senate,False,False,"6,219","5,763"
Don Norcross,D,62.5,New,District,True,True,"2,221,989","1,087,264"
Claire Gustafson,R,37.5,New,District,False,False,"36,520","21,761"
Jeff Van,R,51.9,New,District,True,True,"4,229,171","4,041,493"
Amy Kennedy,D,46.2,New,District,False,False,"4,984,376","4,978,913"
Andy Kim,D,53.2,New,District,True,True,"7,241,283","6,753,262"
David Richter,R,45.5,New,District,False,False,"1,473,669","1,470,648"
Chris Smith,R,59.9,New,District,True,True,"1,383,085","1,284,522"
Stephanie Schmid,D,38.3,New,District,False,False,"699,580","658,011"
Josh Gottheimer,D,53.2,New,District,True,True,"7,694,027","3,487,964"
Frank Pallotta,R,45.6,New,District,False,False,"1,972,033","1,948,705"
Louis A.,I,1.2,New,District,False,False,"5,456","5,342"
Frank Pallone,D,61.2,New,District,True,True,"3,231,755","2,021,737"
Tom Malinowski,D,50.6,New,District,True,True,"7,414,403","7,423,758"
Tom Kean,R,49.4,New,District,False,False,"3,869,121","3,775,442"
Albio Sires,D,74.0,New,District,True,True,"605,810","551,325"
Bill Pascrell,D,65.8,New,District,True,True,"1,560,550","1,795,410"
Billy Prempeh,R,31.9,New,District,False,False,"44,269","35,075"
Donald M,D,83.3,New,District,True,True,"593,735","457,252"
Mikie Sherrill,D,53.3,New,District,True,True,"6,419,707","3,733,106"
Rosemary Becchi,R,46.7,New,District,False,False,"1,687,532","1,686,236"
Bonnie Watson,D,65.6,New,District,True,True,"798,439","840,651"
Mark Razzoli,R,32.6,New,District,False,False,"3,065","1,142"
Ben Ray,D,51.7,New,Senate,False,True,"9,083,639","9,385,025"
Mark Ronchetti,R,45.6,New,Senate,False,False,"3,936,338","3,925,526"
Bob Walsh,L,2.7,New,Senate,False,False,"8,326","6,895"
Debra Haaland,D,58.1,New,District,True,True,"2,246,734","1,875,766"
Michelle Garcia,R,41.9,New,District,False,False,"257,294","245,590"
Xochitl Torres,D,46.3,New,District,True,False,"8,387,337","8,539,065"
Yvette Herrell,R,53.7,New,District,False,True,"2,805,711","2,921,785"
Steve Jones,I,0.0,New,District,False,False,"9,405","9,505"
Teresa Leger,D,58.7,New,District,False,True,"2,296,594","2,132,010"
Alexis Johnson,R,41.3,New,District,False,False,"147,303","147,303"
Lee Zeldin,R,55.9,New,District,True,True,"8,396,981","8,250,116"
Nancy Goroff,D,44.1,New,District,False,False,"7,866,239","7,860,977"
Jackie Gordon,D,46.0,New,District,False,False,"4,351,881","4,334,484"
Andrew Garbarino,R,52.9,New,District,False,True,"1,743,986","1,612,132"
Harry Burger,3,1.0,New,District,False,False,"2,430",594
Tom Suozzi,D,53.2,New,District,True,True,"2,941,006","2,331,302"
George Santos,R,46.2,New,District,False,False,"658,883","591,239"
Joshua Sauberman,I,0.0,New,District,False,False,127,270
Kathleen Rice,D,52.0,New,District,True,True,"1,106,258","1,210,410"
Douglas Tuman,R,47.3,New,District,False,False,"134,937","130,995"
Ed Dennehy,I,0.0,New,District,False,False,"9,031","9,031"
Gregory Meeks,D,99.0,New,District,True,True,"2,097,572","1,467,454"
Amit Lal,I,0.0,New,District,False,False,126,0
Grace Meng,D,62.6,New,District,True,True,"1,292,084","1,872,311"
Thomas Zmich,R,37.4,New,District,False,False,"133,403","131,278"
Nydia Velazquez,D,83.0,New,District,True,True,"803,217","676,248"
Hakeem Jeffries,D,82.5,New,District,True,True,"4,168,717","3,293,077"
Yvette Clarke,D,81.5,New,District,True,True,"1,200,067","1,190,143"
Jerrold Nadler,D,68.5,New,District,True,True,"1,848,688","1,950,774"
Cathy Bernstein,R,30.1,New,District,False,False,"49,975","28,384"
Jeanne Nigro,I,1.2,New,District,False,False,"34,548","28,039"
Michael Madrid,L,0.0,New,District,False,False,"14,326","12,149"
Max Rose,D,42.0,New,District,True,False,"9,284,434","9,499,242"
Nicole Malliotakis,R,57.8,New,District,False,True,"3,469,995","3,447,052"
Kemi Akindude,I,0.0,New,District,False,False,"21,261","14,697"
Carolyn Maloney,D,78.9,New,District,True,True,"3,067,173","3,059,202"
Adriano Espaillat,D,86.0,New,District,True,True,"1,087,237","1,252,740"
Lovelynn Gwinn,R,8.0,New,District,False,False,"39,384","39,384"
Alexandria Ocasio-Cortez,D,68.7,New,District,True,True,"20,664,795","16,735,422"
John C.,R,30.5,New,District,False,False,"11,140,937","10,947,758"
Ritchie Torres,D,88.2,New,District,False,True,"2,194,025","1,804,336"
Jamaal Bowman,D,82.9,New,District,False,True,"2,878,898","2,801,424"
Mondaire Jones,D,54.1,New,District,False,True,"2,984,052","2,186,463"
Maureen McArdle,R,39.8,New,District,False,False,"54,732","60,084"
Michael Parietti,3,0.9,New,District,False,False,"44,787","19,670"
Sean Patrick,D,51.8,New,District,True,True,"2,556,294","1,718,525"
Chele Farley,R,47.3,New,District,False,False,"1,186,211","1,152,124"
Scott Smith,I,0.9,New,District,False,False,"8,718","8,403"
Antonio Delgado,D,51.5,New,District,True,True,"5,949,475","2,963,286"
Kyle Van,R,45.9,New,District,False,False,"153,796","120,097"
Paul Tonko,D,56.5,New,District,True,True,"1,541,984","1,418,994"
Elizabeth Joy,R,43.4,New,District,False,False,"370,852","336,845"
Elise Stefanik,R,64.4,New,District,True,True,"13,287,248","11,655,936"
Tedra Cobb,D,35.6,New,District,False,False,"5,586,793","5,593,266"
Anthony Brindisi,D,0.0,New,District,True,False,"6,020,190","5,772,429"
Claudia Tenney,R,0.0,New,District,False,False,"3,051,777","2,725,893"
Tom Reed,R,57.7,New,District,True,True,"3,275,177","3,145,027"
Tracy Mitrano,D,41.4,New,District,False,False,"1,450,322","1,466,128"
John Katko,R,53.1,New,District,True,True,"3,821,107","3,597,234"
Dana Balter,D,43.0,New,District,False,False,"3,212,469","3,230,808"
Joseph D,D,59.3,New,District,True,True,"1,375,366","1,274,426"
George Mitris,R,39.1,New,District,False,False,"301,376","279,047"
Kevin Wilson,L,1.5,New,District,False,False,"5,128","3,417"
Brian Higgins,D,69.8,New,District,True,True,"1,124,168","984,106"
Chris Jacobs,R,0.0,New,District,False,True,"2,147,101","2,084,271"
Nate McMurray,D,0.0,New,District,False,False,"1,150,058","1,097,111"
Duane Whitmer,L,0.0,New,District,False,False,"36,056","36,056"
Chris Jacobs,R,59.7,New,District,True,True,"2,147,101","2,084,271"
Nate McMurray,D,39.0,New,District,False,False,"1,150,058","1,097,111"
Duane Whitmer,L,1.3,New,District,False,False,"36,056","36,056"
Thom Tillis,R,48.7,North,Senate,True,True,"25,327,590","24,979,096"
Cal Cunningham,D,46.9,North,Senate,False,False,"51,249,732","51,076,028"
G K,D,54.2,North,District,True,True,"1,032,869","880,420"
Sandy Smith,R,45.8,North,District,False,False,"1,458,375","1,437,805"
Deborah Ross,D,63.0,North,District,False,True,"2,268,381","1,816,923"
Alan Swain,R,34.8,North,District,False,False,"119,664","119,435"
Japheth Matemu,L,2.2,North,District,False,False,625,54
Greg Murphy,R,0.0,North,District,False,True,"1,767,790","1,505,559"
Allen Thomas,D,0.0,North,District,False,False,"612,046","611,895"
Greg Murphy,R,63.4,North,District,True,True,"1,767,790","1,505,559"
David Price,D,67.3,North,District,True,True,"1,161,738","1,014,872"
Virginia Foxx,R,66.9,North,District,True,True,"1,858,388","1,944,629"
David Wilson,D,31.1,North,District,False,False,"61,596","60,668"
Kathy Manning,D,62.3,North,District,False,True,"2,002,284","1,695,596"
Lee Haywood,R,37.7,North,District,False,False,"73,878","58,342"
Jennyfer Bucardo,I,0.0,North,District,False,False,750,759
David Rouzer,R,60.3,North,District,True,True,"1,628,458","1,038,883"
Christopher Ward,D,39.6,North,District,False,False,"16,260","4,119"
Richard Hudson,R,53.3,North,District,True,True,"4,135,872","4,359,009"
Patricia Timmons-Goodson,D,46.7,North,District,False,False,"3,855,743","3,852,668"
Dan McCready,D,0.0,North,District,False,False,"7,114,557","7,329,299"
Dan Bishop,R,0.0,North,District,False,True,"4,090,260","4,029,864"
Allen Smith,3,0.0,North,District,False,False,"6,010","4,141"
Dan Bishop,R,55.6,North,District,True,True,"4,090,260","4,029,864"
Cynthia Wallace,D,44.4,North,District,False,False,"811,609","794,300"
Patrick McHenry,R,68.9,North,District,True,True,"2,780,234","2,339,363"
David Parker,D,31.1,North,District,False,False,"30,555","30,555"
Madison Cawthorn,R,54.5,North,District,False,True,"4,478,970","4,366,783"
Moe Davis,D,42.3,North,District,False,False,"2,251,413","2,148,121"
Alma Adams,D,100.0,North,District,True,True,"824,124","651,883"
Bill Brewster,R,0.0,North,District,False,False,"21,950","16,763"
Ted Budd,R,68.2,North,District,True,True,"2,294,174","1,293,414"
Scott Huffman,D,31.8,North,District,False,False,"193,334","189,967"
Kelly Armstrong,R,69.0,North,District,True,True,"1,269,346","1,080,105"
Zach Raknerud,D,27.6,North,District,False,False,"28,047","26,029"
Steve Chabot,R,51.8,Ohio,01,True,True,"3,177,647","2,861,464"
Kate Schroder,D,44.7,Ohio,01,False,False,"4,040,303","4,039,798"
Kevin Kahn,L,3.6,Ohio,01,False,False,"12,085","8,398"
Brad Wenstrup,R,61.1,Ohio,02,True,True,"1,794,354","1,757,078"
Jaime Castle,D,38.9,Ohio,02,False,False,"284,197","271,471"
Joyce Beatty,D,70.8,Ohio,03,True,True,"2,237,887","2,540,687"
Nicholas Moss,I,0.0,Ohio,03,False,False,"1,258","1,248"
Jim Jordan,R,67.9,Ohio,04,True,True,"18,313,823","12,945,651"
Chris Gibbs,I,0.0,Ohio,04,False,False,"65,807","65,807"
Bob Latta,R,68.0,Ohio,05,True,True,"1,580,952","1,477,090"
Nick Rubando,D,32.0,Ohio,05,False,False,"249,319","247,423"
Bill Johnson,R,74.4,Ohio,06,True,True,"1,866,123","1,853,361"
Shawna Roberts,D,25.6,Ohio,06,False,False,262,574
Bob Gibbs,R,67.5,Ohio,07,True,True,"791,888","453,928"
Quentin Potter,D,29.2,Ohio,07,False,False,"12,976","12,976"
Brandon Lape,L,3.3,Ohio,07,False,False,"3,348","2,713"
Warren Davidson,R,69.0,Ohio,08,True,True,"1,016,740","841,533"
Vanessa Enoch,D,31.0,Ohio,08,False,False,"40,270","37,546"
Marcy Kaptur,D,63.1,Ohio,09,True,True,"1,090,395","979,798"
Rob Weber,R,36.9,Ohio,09,False,False,"134,898","123,262"
Michael R,R,58.4,Ohio,10,True,True,"1,752,255","1,736,283"
Desiree Tims,D,41.6,Ohio,10,False,False,"2,040,760","2,024,010"
Marcia Fudge,D,80.1,Ohio,11,True,True,"755,787","499,820"
Laverne Gore,R,20.0,Ohio,11,False,False,"157,044","156,827"
Troy Balderson,R,55.2,Ohio,12,True,True,"2,016,826","1,995,665"
Alaina Shearer,D,41.8,Ohio,12,False,False,"1,033,711","1,025,410"
John Stewart,L,3.0,Ohio,12,False,False,"75,170","66,382"
Tim Ryan,D,52.5,Ohio,13,True,True,"1,972,446","2,071,454"
Christina Hagan,R,44.9,Ohio,13,False,False,"861,723","820,660"
David P,R,60.1,Ohio,14,True,True,"2,917,696","2,501,449"
Hillary O'Connor,D,39.9,Ohio,14,False,False,"579,877","574,646"
Steve Stivers,R,63.4,Ohio,15,True,True,"3,004,799","2,293,101"
Joel Newby,D,36.6,Ohio,15,False,False,"55,797","55,797"
Anthony Gonzalez,R,63.2,Ohio,16,True,True,"2,338,195","1,839,807"
Aaron Godfrey,D,36.8,Ohio,16,False,False,"60,294","60,430"
James M,R,62.9,Oklahoma,2020,True,True,"5,903,909","5,700,850"
Abby Broyles,D,32.8,Oklahoma,2020,False,False,"2,072,067","2,045,470"
Joan Farr,I,1.4,Oklahoma,2020,False,False,"6,897","10,491"
April Nesbit,I,0.7,Oklahoma,2020,False,False,"3,349","3,312"
Kevin Hern,R,63.7,Oklahoma,01,True,True,"1,094,104","830,366"
Kojo Asamoa-Caesar,D,32.7,Oklahoma,01,False,False,"157,355","173,928"
Markwayne Mullin,R,75.0,Oklahoma,02,True,True,"1,660,206","1,077,939"
Danyell Lanier,D,22.0,Oklahoma,02,False,False,"41,730","41,722"
Frank D,R,78.5,Oklahoma,03,True,True,"872,749","1,036,145"
Tom Cole,R,67.8,Oklahoma,04,True,True,"1,812,530","1,753,697"
Mary Brannon,D,28.8,Oklahoma,04,False,False,"$2,084","1,599"
Kendra Horn,D,47.9,Oklahoma,05,True,False,"5,949,800","5,946,195"
Stephanie Bice,R,52.1,Oklahoma,05,False,True,"3,720,520","3,508,929"
Jeff Merkley,D,57.0,Oregon,2020,True,True,"11,298,422","8,125,261"
Jo Rae,R,39.3,Oregon,2020,False,False,"139,936","123,138"
Suzanne Bonamici,D,64.6,Oregon,01,True,True,"959,223","864,627"
Chris Christensen,R,35.2,Oregon,01,False,False,144,672
Cliff Bentz,R,60.0,Oregon,02,False,True,"1,450,780","1,361,727"
Alex Spenser,D,36.9,Oregon,02,False,False,"20,640","5,089"
Earl Blumenauer,D,73.0,Oregon,03,True,True,"1,813,365","1,948,453"
Joanna Harbour,R,23.5,Oregon,03,False,False,"17,681","14,502"
Peter DeFazio,D,51.6,Oregon,04,True,True,"5,182,843","5,781,074"
Alek Skarlatos,R,46.2,Oregon,04,False,False,"5,454,621","5,331,264"
Kurt Schrader,D,51.9,Oregon,05,True,True,"2,018,692","1,922,073"
Amy Ryan,R,45.2,Oregon,05,False,False,"231,624","221,041"
Brian Fitzpatrick,R,58.7,Pennsylvania,01,True,True,"4,203,825","4,272,135"
Christina Finello,D,41.3,Pennsylvania,01,False,False,"2,336,814","2,329,748"
Brendan Boyle,D,65.1,Pennsylvania,02,True,True,"1,556,650","756,317"
Dwight Evans,D,87.5,Pennsylvania,03,True,True,"942,386","781,265"
Madeleine Dean,D,56.0,Pennsylvania,04,True,True,"1,435,995","1,005,928"
Kathy Barnette,R,44.0,Pennsylvania,04,False,False,"1,000,389","884,640"
Joe Tarshish,I,0.0,Pennsylvania,04,False,False,"24,038","23,738"
Mary Gay,D,60.3,Pennsylvania,05,True,True,"1,455,042","1,350,276"
Dasha Pruett,R,39.7,Pennsylvania,05,False,False,"105,146","82,437"
Chrissy Houlahan,D,54.7,Pennsylvania,06,True,True,"3,484,484","1,327,283"
John Emmons,R,45.3,Pennsylvania,06,False,False,"608,859","601,390"
John McHugh,I,0.0,Pennsylvania,06,False,False,"6,165","4,410"
Susan Wild,D,51.7,Pennsylvania,07,True,True,"4,581,056","4,528,267"
Matt Cartwright,D,51.7,Pennsylvania,08,True,True,"3,885,136","4,144,070"
Jim Bognet,R,48.3,Pennsylvania,08,False,False,"1,519,527","1,386,040"
Dan Meuser,R,68.2,Pennsylvania,09,True,True,"1,071,961","944,010"
Gary Wegman,D,31.8,Pennsylvania,09,False,False,"188,787","187,348"
Scott Perry,R,53.4,Pennsylvania,10,True,False,"3,956,481","3,839,197"
Eugene DePasquale,D,46.6,Pennsylvania,10,False,False,"4,534,580","4,526,684"
Lloyd Smucker,R,69.2,Pennsylvania,11,True,True,"1,349,318","662,704"
Sarah Hammond,D,30.8,Pennsylvania,11,False,False,"28,733","23,458"
Fred Keller,R,0.0,Pennsylvania,12,True,True,"1,541,938","1,066,158"
Marc Friedenberg,D,0.0,Pennsylvania,12,False,False,"139,715","205,795"
Fred Keller,R,71.8,Pennsylvania,12,True,True,"1,541,938","1,066,158"
Lee Griffin,D,28.2,Pennsylvania,12,False,False,"45,850","44,571"
Liz Terwilliger,L,0.0,Pennsylvania,12,False,False,"6,211","5,937"
John Joyce,R,79.0,Pennsylvania,13,True,True,"1,119,769","461,229"
Todd Rowley,D,21.0,Pennsylvania,13,False,False,"60,348","67,527"
Guy Reschenthaler,R,67.8,Pennsylvania,14,True,True,"2,250,282","1,580,488"
Bill Marx,D,32.2,Pennsylvania,14,False,False,"60,403","45,959"
Glenn Thompson,R,76.3,Pennsylvania,15,True,True,"1,700,061","1,839,073"
Mike Kelly,R,67.2,Pennsylvania,16,True,True,"2,239,488","1,319,340"
Kristy Gnibus,D,32.8,Pennsylvania,16,False,False,"584,205","579,453"
Conor Lamb,D,51.1,Pennsylvania,17,True,True,"4,063,114","3,448,850"
Sean Parnell,R,48.9,Pennsylvania,17,False,False,"3,935,774","3,732,399"
Mike Doyle,D,64.6,Pennsylvania,18,True,True,"1,008,711","999,692"
Luke Negron,R,35.4,Pennsylvania,18,False,False,"57,714","51,666"
Jack Reed,D,66.5,Rhode,Senate,True,True,"4,000,209","3,956,241"
Allen Waters,R,33.4,Rhode,Senate,False,False,"29,726","22,368"
David Cicilline,D,70.8,Rhode,District,True,True,"1,574,854","1,743,173"
Jim Langevin,D,58.2,Rhode,District,True,True,"1,102,312","1,422,339"
Bob Lancia,R,41.5,Rhode,District,False,False,"55,549","47,877"
Lindsey Graham,R,54.4,South,Senate,True,True,"108,916,223","96,884,518"
Jaime Harrison,D,44.2,South,Senate,False,False,"130,542,234","130,206,808"
Joe Cunningham,D,49.3,South,District,True,False,"6,941,746","6,993,962"
Nancy Mace,R,50.6,South,District,False,True,"5,766,726","5,707,239"
Joe Wilson,R,55.7,South,District,True,True,"1,648,065","1,723,956"
Adair Boroughs,D,42.6,South,District,False,False,"2,510,526","2,507,664"
Jeff Duncan,R,71.2,South,District,True,True,"1,509,647","1,271,872"
Hosea Cleveland,D,28.7,South,District,False,False,"43,214","45,107"
William Timmons,R,61.6,South,District,True,True,"977,784","982,233"
Kim Nelson,D,36.9,South,District,False,False,"167,825","167,508"
Ralph Norman,R,60.1,South,District,True,True,"991,246","859,747"
Moe Brown,D,39.9,South,District,False,False,"480,648","477,295"
James E,D,68.2,South,District,True,True,"3,406,945","2,332,128"
Tom Rice,R,61.8,South,District,True,True,"1,405,738","1,242,208"
Melissa Watson,D,38.1,South,District,False,False,"147,623","147,623"
Larry Guy,L,0.0,South,District,False,False,199,199
Mike Rounds,R,65.7,South,Senate,True,True,"4,756,483","3,193,360"
Dan Ahlers,D,34.3,South,Senate,False,False,"273,833","253,114"
Dusty Johnson,R,81.8,South,District,True,True,"1,693,504","699,356"
Bill Hagerty,R,62.3,Tennessee,2020,False,True,"11,423,537","11,368,478"
Marquita Bradshaw,D,35.1,Tennessee,2020,False,False,"1,606,932","1,590,723"
Yomi Faparusi,I,0.4,Tennessee,2020,False,False,"49,874","49,874"
Elizabeth McLeod,I,0.6,Tennessee,2020,False,False,"9,777","9,777"
Dean Hill,I,0.2,Tennessee,2020,False,False,58,58
Diana Harshbarger,R,74.8,Tennessee,01,False,True,"2,126,946","1,869,100"
Blair Nicole,D,22.4,Tennessee,01,False,False,"140,209","134,995"
Tim Burchett,R,67.7,Tennessee,02,True,True,"1,336,276","878,488"
Renee Hoyos,D,31.0,Tennessee,02,False,False,"812,784","816,793"
Chuck Fleischmann,R,67.3,Tennessee,03,True,True,"1,051,653","381,411"
Meg Gorman,D,30.5,Tennessee,03,False,False,"85,843","77,760"
Scott Desjarlais,R,66.7,Tennessee,04,True,True,"331,464","392,499"
Christopher Hale,D,33.3,Tennessee,04,False,False,"308,731","302,996"
Jim Cooper,D,100.0,Tennessee,05,True,True,"936,569","1,332,131"
John Rose,R,73.7,Tennessee,06,True,True,"1,050,429","625,688"
Mark Green,R,69.9,Tennessee,07,True,True,"1,194,960","935,487"
Kiran Sreepada,D,27.3,Tennessee,07,False,False,"206,644","207,191"
Ronald Brown,I,2.2,Tennessee,07,False,False,"1,750",0
Scott Vieira,I,0.6,Tennessee,07,False,False,655,"1,049"
David Kustoff,R,68.5,Tennessee,08,True,True,"1,641,217","999,285"
Erika Stotts,D,29.5,Tennessee,08,False,False,"19,070","15,883"
Steve Cohen,D,77.4,Tennessee,09,True,True,"607,570","457,311"
Charlotte Bergmann,R,20.1,Tennessee,09,False,False,"99,147","100,532"
Dennis Clark,I,1.6,Tennessee,09,False,False,"9,991","9,919"
John Cornyn,R,53.5,Texas,2020,True,True,"34,158,785","36,437,106"
MJ Hegar,D,53.9,Texas,2020,False,False,"29,272,803","29,233,720"
Kerry McKennon,L,1.9,Texas,2020,False,False,"12,707","14,044"
Louie Gohmert,R,72.6,Texas,01,True,True,"552,915","580,441"
Hank Gilbert,D,27.4,Texas,01,False,False,"968,155","734,411"
Dan Crenshaw,R,55.6,Texas,02,True,True,"19,427,865","17,596,329"
Sima Ladjevardian,D,42.8,Texas,02,False,False,"3,832,697","3,825,287"
Elliott Scheirman,L,1.6,Texas,02,False,False,"15,374","14,296"
Van Taylor,R,55.1,Texas,03,True,True,"2,655,327","2,825,378"
Helane Seikaly,D,42.9,Texas,03,False,False,"1,635,185","1,634,843"
Patrick Fallon,R,75.1,Texas,04,False,True,"257,174","95,065"
Tracy Shawn,I,0.4,Texas,04,False,False,"13,002","10,595"
Lance Gooden,R,62.0,Texas,05,True,True,"1,610,327","1,311,983"
Carolyn Salter,D,35.9,Texas,05,False,False,"317,848","289,112"
Kevin Hale,L,2.1,Texas,05,False,False,"18,405","6,508"
Ron Wright,R,52.8,Texas,06,True,True,"912,134","907,693"
Stephen Daniel,D,44.0,Texas,06,False,False,"680,402","677,568"
Lizzie Fletcher,D,50.8,Texas,07,True,True,"6,265,165","6,246,136"
Wesley Hunt,R,47.5,Texas,07,False,False,"7,524,064","7,300,122"
Kevin Brady,R,72.5,Texas,08,True,True,"3,570,477","3,190,447"
Elizabeth Hernandez,D,25.5,Texas,08,False,False,"17,227","14,981"
Al Green,D,75.5,Texas,09,True,True,"460,332","486,155"
Johnny Teague,R,21.6,Texas,09,False,False,"89,965","88,366"
Michael McCaul,R,52.5,Texas,10,True,True,"3,856,477","3,910,930"
Mike Siegel,D,45.4,Texas,10,False,False,"2,873,926","2,829,765"
August Pfluger,R,79.7,Texas,11,False,True,"2,578,540","1,984,134"
Jon Mark,D,18.3,Texas,11,False,False,"137,730","135,141"
Kay Granger,R,63.7,Texas,12,True,True,"3,161,288","3,271,815"
Lisa Welch,D,33.0,Texas,12,False,False,"98,465","98,475"
Trey Holcomb,L,3.3,Texas,12,False,False,967,457
Ronny Jackson,R,79.4,Texas,13,False,True,"2,128,271","1,741,132"
Gus Trujillo,D,18.5,Texas,13,False,False,"22,826","18,820"
Randy Weber,R,61.6,Texas,14,True,True,"936,202","924,659"
Adrienne Bell,D,38.4,Texas,14,False,False,"244,754","240,934"
Cyrus Sajna,I,0.0,Texas,14,False,False,"35,096","34,942"
Michael David,I,0.0,Texas,14,False,False,100,12
Vicente Gonzalez,D,50.5,Texas,15,True,True,"1,008,381","657,500"
Monica De,R,47.6,Texas,15,False,False,"344,893","338,832"
Veronica Escobar,D,64.7,Texas,16,True,True,"1,135,549","1,087,693"
Irene Armendariz-Jackson,R,35.3,Texas,16,False,False,"168,997","153,671"
Pete Sessions,R,55.9,Texas,17,False,True,"1,447,958","1,658,637"
Rick Kennedy,D,40.9,Texas,17,False,False,"200,668","202,096"
Ted Brown,L,3.2,Texas,17,False,False,"3,041","3,041"
Sheila Jackson,D,73.3,Texas,18,True,True,"924,480","838,414"
Wendell Champion,R,23.5,Texas,18,False,False,"305,645","271,278"
Jodey Arrington,R,74.8,Texas,19,True,True,"2,497,184","1,932,700"
Tom Watson,D,22.9,Texas,19,False,False,"49,405","60,806"
Joaquin Castro,D,64.7,Texas,20,True,True,"674,061","686,934"
Mauro Garza,R,33.1,Texas,20,False,False,"263,293","240,930"
Chip Roy,R,52.0,Texas,21,True,True,"5,005,639","4,679,362"
Wendy Davis,D,45.4,Texas,21,False,False,"10,263,486","10,201,874"
Michael Felts,I,0.0,Texas,21,False,False,"3,570","1,851"
Sri Kulkarni,D,44.6,Texas,22,False,False,"5,639,061","5,630,098"
Troy Nehls,R,51.5,Texas,22,False,True,"1,806,655","1,787,448"
Gina Ortiz,D,46.6,Texas,23,False,False,"6,755,222","6,842,440"
Tony Gonzales,R,50.5,Texas,23,False,True,"2,797,133","2,764,108"
Candace Valenzuela,D,47.5,Texas,24,False,False,"4,886,999","4,875,031"
Beth Van,R,48.8,Texas,24,False,True,"3,410,852","3,342,442"
Stephen Kuzmich,I,1.2,Texas,24,False,False,"175,504","201,332"
Mark Bauer,I,0.9,Texas,24,False,False,"26,342","26,542"
Darren Hamilton,L,1.6,Texas,24,False,False,570,212
Roger Williams,R,55.9,Texas,25,True,True,"2,435,121","3,347,267"
Julie Oliver,D,42.1,Texas,25,False,False,"2,190,347","2,176,319"
Michael Burgess,R,60.6,Texas,26,True,True,"1,806,588","2,081,391"
Carol Iannuzzi,D,37.3,Texas,26,False,False,"95,937","95,937"
Michael Cloud,R,63.1,Texas,27,True,True,"1,014,427","829,748"
Ricardo De,D,34.9,Texas,27,False,False,"312,096","312,096"
Henry Cuellar,D,58.3,Texas,28,True,True,"2,655,317","3,650,848"
Sandra Whitten,R,39.0,Texas,28,False,False,"24,760","27,354"
Sylvia Garcia,D,71.1,Texas,29,True,True,"818,984","758,382"
Jaimy Blanco,R,27.4,Texas,29,False,False,"4,378",0
Eddie Bernice,D,77.5,Texas,30,True,True,"589,096","494,547"
Tre Pennie,R,18.4,Texas,30,False,False,"311,109","305,446"
John Carter,R,53.4,Texas,31,True,True,"2,160,187","2,214,487"
Donna Imam,D,44.3,Texas,31,False,False,"1,035,222","1,035,272"
Colin Allred,D,52.0,Texas,32,True,True,"5,667,725","5,611,747"
Genevieve Collins,R,45.9,Texas,32,False,False,"5,923,081","5,915,256"
Jason Sigmon,I,0.7,Texas,32,False,False,"11,791","11,651"
Marc Veasey,D,66.8,Texas,33,True,True,"1,621,929","1,613,446"
Fabian Cordova,R,25.2,Texas,33,False,False,"36,692","25,585"
Filemon Vela,D,55.4,Texas,34,True,True,"983,026","1,024,180"
Rey Gonzalez,R,41.8,Texas,34,False,False,"37,118","37,446"
Lloyd Doggett,D,65.4,Texas,35,True,True,"1,336,576","424,804"
Jennifer Sharon,R,30.0,Texas,35,False,False,"19,011","14,442"
Jason Mata,I,1.9,Texas,35,False,False,"2,632","2,632"
Brian Babin,R,73.6,Texas,36,True,True,"1,345,351","1,297,185"
Brandon Rashad,D,24.3,Texas,36,False,False,"21,714","12,278"
Blake Moore,R,69.6,Utah,01,False,True,"844,377","816,015"
Darren Parry,D,30.5,Utah,01,False,False,"41,218","40,904"
Chris Stewart,R,59.0,Utah,02,True,True,"835,139","812,462"
John Kael,D,36.6,Utah,02,False,False,"344,774","306,872"
Joe Jarvis,3,0.0,Utah,02,False,False,"22,989","22,989"
John Curtis,R,68.8,Utah,03,True,True,"874,311","687,265"
Devin Thorpe,D,26.8,Utah,03,False,False,"191,412","190,200"
Thomas G.,3,2.0,Utah,03,False,False,"5,516","5,516"
Russel Fugal,I,0.0,Utah,03,False,False,393,346
Ben McAdams,D,46.7,Utah,04,True,False,"5,613,542","5,555,591"
Burgess Owens,R,47.7,Utah,04,False,True,"5,129,475","5,049,146"
Jonia Broderick,3,2.1,Utah,04,False,False,"21,394","21,265"
Peter Welch,D,64.4,Vermont,01,True,True,"847,320","865,252"
Mark Warner,D,56.0,Virginia,2020,True,True,"17,233,036","16,976,634"
Daniel Gade,R,43.9,Virginia,2020,False,False,"4,888,110","4,880,329"
Rob Wittman,R,58.5,Virginia,01,True,True,"1,969,785","2,140,375"
Qasim Rashid,D,41.7,Virginia,01,False,False,"1,559,108","1,559,108"
Elaine Luria,D,51.6,Virginia,02,True,True,"6,522,276","6,387,474"
Scott Taylor,R,45.8,Virginia,02,False,False,"2,452,292","2,446,410"
Bobby Scott,D,68.4,Virginia,03,True,True,"873,126","832,419"
John Collick,R,31.4,Virginia,03,False,False,"167,146","165,080"
Donald McEachin,D,61.6,Virginia,04,True,True,"961,412","963,788"
Leon Benjamin,R,38.2,Virginia,04,False,False,"545,354","523,429"
Cameron Webb,D,47.3,Virginia,05,False,False,"5,755,917","5,750,924"
Bob Good,R,52.4,Virginia,05,False,True,"1,373,867","1,323,530"
Ben Cline,R,64.6,Virginia,06,True,True,"892,955","672,928"
Nicholas Betts,D,35.3,Virginia,06,False,False,"56,190","54,205"
Abigail Spanberger,D,50.8,Virginia,07,True,True,"8,387,680","7,852,213"
Nick Freitas,R,49.0,Virginia,07,False,False,"3,629,431","3,600,108"
Don Beyer,D,75.8,Virginia,08,True,True,"1,729,482","2,071,906"
Jeff Jordan,R,24.0,Virginia,08,False,False,"96,035","96,035"
Heerak Christian,I,0.0,Virginia,08,False,False,"2,036","1,921"
Morgan Griffith,R,94.0,Virginia,09,True,True,"873,612","463,916"
Jennifer Wexton,D,56.5,Virginia,10,True,True,"3,855,331","1,772,250"
Aliscia Andrews,R,43.4,Virginia,10,False,False,"1,567,598","1,413,145"
Gerry Connolly,D,71.4,Virginia,11,True,True,"1,998,592","1,811,776"
Manga Anantatmula,R,28.3,Virginia,11,False,False,"282,152","268,326"
Stevan Porter,L,0.0,Virginia,11,False,False,533,"1,316"
Suzan DelBene,D,58.6,Washington,01,True,True,"2,182,985","1,897,162"
Jeffrey Beeler,R,41.3,Washington,01,False,False,"61,970","62,279"
Rick Larsen,D,63.2,Washington,02,True,True,"1,275,127","1,219,489"
Tim Hazelo,R,36.6,Washington,02,False,False,"49,478","49,322"
Jaime Herrera,R,56.4,Washington,03,True,True,"4,566,383","4,540,148"
Carolyn Long,D,43.4,Washington,03,False,False,"4,130,540","4,142,685"
Dan Newhouse,R,66.3,Washington,04,True,True,"1,173,464","991,174"
Doug McKinley,D,33.5,Washington,04,False,False,"57,666","54,227"
Cathy McMorris,R,60.9,Washington,05,True,True,"4,349,448","3,432,572"
Dave Wilson,D,38.9,Washington,05,False,False,"109,636","109,636"
Derek Kilmer,D,59.4,Washington,06,True,True,"2,524,026","2,531,111"
Elizabeth Kreiselmaier,R,40.4,Washington,06,False,False,"156,123","145,108"
Pramila Jayapal,D,83.0,Washington,07,True,True,"2,630,000","1,530,626"
Craig Keller,R,16.7,Washington,07,False,False,"2,904","3,703"
Kim Schrier,D,51.7,Washington,08,True,True,"5,422,491","3,774,398"
Jesse Jensen,R,48.1,Washington,08,False,False,"852,396","842,269"
Adam Smith,D,74.2,Washington,09,True,True,"1,324,761","930,710"
Doug Basler,R,25.7,Washington,09,False,False,"22,536","18,328"
Marilyn Strickland,D,49.6,Washington,10,False,True,"1,812,659","1,780,633"
Beth Doglio,D,35.7,Washington,10,False,False,"1,477,678","1,477,678"
Shelley Moore,R,70.3,West,Senate,True,True,"5,749,615","3,961,203"
Paula Jean,D,27.0,West,Senate,False,False,"2,045,546","1,979,561"
David McKinley,R,69.0,West,District,True,True,"1,092,609","1,085,864"
Natalie Ms.,D,31.0,West,District,False,False,"81,032","81,881"
Alex Mooney,R,63.1,West,District,True,True,"2,155,978","864,001"
Catherine Kunkel,D,36.9,West,District,False,False,"641,567","641,567"
Carol Miller,R,71.3,West,District,True,True,"869,210","720,796"
Hilary Turner,D,28.7,West,District,False,False,"99,214","98,769"
Belinda Fox-Spencer,I,0.0,West,District,False,False,"5,207","5,207"
Bryan Steil,R,59.4,Wisconsin,01,True,True,"3,500,849","3,151,701"
Roger Polack,D,40.7,Wisconsin,01,False,False,"536,228","526,431"
Mark Pocan,D,69.7,Wisconsin,02,True,True,"1,290,582","1,014,628"
Peter Theron,R,30.3,Wisconsin,02,False,False,"35,753","33,977"
Ron Kind,D,51.4,Wisconsin,03,True,True,"2,989,262","4,435,403"
Derrick Van,R,48.6,Wisconsin,03,False,False,"1,962,443","1,948,639"
Gwen Moore,D,74.7,Wisconsin,04,True,True,"1,183,995","1,166,739"
Scott Fitzgerald,R,60.2,Wisconsin,05,False,True,"1,155,721","968,406"
Tom Palzewicz,D,39.9,Wisconsin,05,False,False,"370,392","371,799"
Glenn Grothman,R,59.3,Wisconsin,06,True,True,"1,815,756","1,736,659"
Jessica King,D,40.7,Wisconsin,06,False,False,"287,753","245,788"
Tom Tiffany,R,0.0,Wisconsin,07,False,True,"2,637,459","2,514,740"
Tricia Zunker,D,0.0,Wisconsin,07,False,False,"1,261,957","1,232,690"
Tom Tiffany,R,60.8,Wisconsin,07,True,True,"2,637,459","2,514,740"
Tricia Zunker,D,39.2,Wisconsin,07,False,False,"1,261,957","1,232,690"
Mike Gallagher,R,64.0,Wisconsin,08,True,True,"3,202,905","2,841,801"
Amanda Stuck,D,36.0,Wisconsin,08,False,False,"416,978","399,916"
Cynthia Lummis,R,72.8,Wyoming,2020,False,True,"2,547,033","2,581,058"
Merav Ben,D,26.8,Wyoming,2020,False,False,"542,570","528,292"
Liz Cheney,R,68.6,Wyoming,01,True,True,"3,003,883","3,060,167"
Lynnette Grey,D,24.6,Wyoming,01,False,False,"134,597","132,235"
