,Candidate,Party,Vote Percentage,State,District,Incumbent,Winner,Money Raised,Money Spent
0,Doug Jones,D,39.6,Alabama,2020,True,False,"30,640,635","32,297,767"
1,Tommy Tuberville,R,60.2,Alabama,2020,False,True,"8,537,218","8,363,739"
2,Michael Parrish,I,0,Alabama,2020,False,False,"5,116","2,639"
3,Jerry Carl,R,64.9,Alabama,01,False,True,"1,971,321","1,859,349"
4,James Averhart,D,35.0,Alabama,01,False,False,"80,095","78,973"
5,Barry Moore,R,65.3,Alabama,02,False,True,"650,807","669,368"
6,Phyllis Harvey-Hall,D,34.6,Alabama,02,False,False,"56,050","55,988"
7,Mike D,R,67.5,Alabama,03,True,True,"1,193,111","1,218,564"
8,Adia Winfrey,D,32.4,Alabama,03,False,False,"50,273","40,971"
9,Robert B,R,82.5,Alabama,04,True,True,"1,255,076","1,323,812"
10,Mo Brooks,R,95.8,Alabama,05,True,True,"655,365","210,045"
11,Gary Palmer,R,97.1,Alabama,06,True,True,"907,219","909,082"
12,Terri Sewell,D,97.2,Alabama,07,True,True,"2,168,165","1,495,957"
13,Dan Sullivan,R,53.9,Alaska,2020,True,True,"10,472,845","9,999,482"
14,Al Gross,I,41.2,Alaska,2020,False,False,"19,393,431","19,366,600"
15,Don Young,R,54.4,Alaska,01,True,True,"1,922,901","1,790,448"
16,Alyse Galvin,I,45.3,Alaska,01,False,False,"5,178,452","5,088,103"
17,Martha McSally,R,48.8,Arizona,2020,True,False,"71,385,147","72,193,637"
18,Mark Kelly,D,51.2,Arizona,2020,False,True,"99,846,963","98,444,440"
19,Tom O'Halleran,D,51.6,Arizona,01,True,True,"3,381,353","3,324,138"
20,Tiffany Shedd,R,48.4,Arizona,01,False,False,"1,675,618","1,615,704"
21,Ann Kirkpatrick,D,55.1,Arizona,02,True,True,"1,849,862","1,384,765"
22,Brandon Martin,R,44.9,Arizona,02,False,False,"374,821","381,067"
23,Raul M,D,64.6,Arizona,03,True,True,"843,560","655,507"
24,Daniel Wood,R,35.4,Arizona,03,False,False,"41,422","41,962"
25,Paul Gosar,R,69.8,Arizona,04,True,True,"622,151","729,892"
26,Delina DiSanto,D,30.2,Arizona,04,False,False,"77,168","79,758"
27,Andy Biggs,R,58.9,Arizona,05,True,True,"1,602,181","1,236,380"
28,Joan Greene,D,41.1,Arizona,05,False,False,"356,069","209,789"
29,David Schweikert,R,52.2,Arizona,06,True,True,"2,265,329","2,249,979"
30,Hiral Tipirneni,D,47.8,Arizona,06,False,False,"6,301,073","6,366,702"
31,Tom Lewellen,I,0,Arizona,06,False,False,"11,685","11,000"
32,Ruben Gallego,D,76.7,Arizona,07,True,True,"1,811,754","1,653,961"
33,Josh Barnett,R,23.3,Arizona,07,False,False,"28,093","17,883"
34,Debbie Lesko,R,59.6,Arizona,08,True,True,"1,605,245","987,453"
35,Michael Muscato,D,40.4,Arizona,08,False,False,"357,906","347,734"
36,Greg Stanton,D,61.6,Arizona,09,True,True,"2,001,619","1,001,350"
37,Dave Giles,R,38.4,Arizona,09,False,False,"130,480","129,935"
38,Tom Cotton,R,66.5,Arkansas,2020,True,True,"12,801,063","6,658,318"
39,Ricky Dale,L,33.5,Arkansas,2020,False,False,"79,564","64,037"
40,Daniel Whitfield,I,0,Arkansas,2020,False,False,"68,536","48,227"
41,Rick Crawford,R,100.0,Arkansas,01,True,True,"966,801","1,095,518"
42,French Hill,R,55.4,Arkansas,02,True,True,"3,384,490","3,020,491"
43,Joyce Elliott,D,44.6,Arkansas,02,False,False,"3,482,463","3,478,733"
44,Steve Womack,R,64.3,Arkansas,03,True,True,"1,127,158","923,120"
45,Celeste Williams,D,31.8,Arkansas,03,False,False,"355,294","355,294"
46,Bruce Westerman,R,69.7,Arkansas,04,True,True,"1,407,770","1,102,573"
47,William Hanson,D,27.5,Arkansas,04,False,False,"109,767","111,683"
48,Doug LaMalfa,R,56.9,California,01,True,True,"1,219,556","1,155,945"
49,Audrey Denney,D,43.1,California,01,False,False,"2,461,769","2,457,661"
50,Jared Huffman,D,75.7,California,02,True,True,"899,419","797,753"
51,Dale Mensing,R,24.3,California,02,False,False,"5,921","2,197"
52,John Garamendi,D,54.7,California,03,True,True,"1,054,066","667,320"
53,Tamika Hamilton,R,45.3,California,03,False,False,"397,099","384,584"
54,Tom McClintock,R,55.9,California,04,True,True,"2,053,363","2,107,248"
55,Brynne Kennedy,D,44.1,California,04,False,False,"3,006,020","3,002,532"
56,Mike Thompson,D,76.8,California,05,True,True,"2,208,136","2,022,751"
57,Doris Matsui,D,73.4,California,06,True,True,"1,019,605","1,073,529"
58,Chris Bish,R,26.6,California,06,False,False,"44,772","44,554"
59,Ami Bera,D,56.6,California,07,True,True,"1,757,748","1,053,444"
60,Buzz Patterson,R,43.4,California,07,False,False,"43,876","29,614"
61,Jay Obernolte,R,56.1,California,08,False,True,"1,861,647","1,792,064"
62,Chris Bubser,D,43.9,California,08,False,False,"1,858,001","1,856,613"
63,Jerry McNerney,D,57.6,California,09,True,True,"1,177,959","1,112,543"
64,Tony Amador,R,42.4,California,09,False,False,"52,175","52,175"
65,Josh Harder,D,55.2,California,10,True,True,"7,400,135","3,950,613"
66,Ted Howze,R,44.8,California,10,False,False,"1,426,552","1,721,882"
67,Mark Desaulnier,D,73.0,California,11,True,True,"610,394","440,537"
68,Nisha Sharma,R,27.0,California,11,False,False,"174,954","171,870"
69,Nancy Pelosi,D,77.6,California,12,True,True,"27,359,508","22,064,953"
70,Shahid Buttar,D,22.4,California,12,False,False,"1,672,876","1,650,467"
71,Barbara Lee,D,90.4,California,13,True,True,"1,828,213","1,750,142"
72,Nikka Piterman,R,9.6,California,13,False,False,"9,839","9,904"
73,Jackie Speier,D,79.3,California,14,True,True,"942,934","919,599"
74,Eric Swalwell,D,70.9,California,15,True,True,"2,807,774","3,977,839"
75,Jim Costa,D,59.3,California,16,True,True,"2,135,525","1,835,244"
76,Kevin Cookingham,R,40.7,California,16,False,False,"265,364","265,364"
77,Ro Khanna,D,71.3,California,17,True,True,"3,837,982","2,455,457"
78,Ritesh Tandon,R,28.7,California,17,False,False,"175,536","175,015"
79,Anna Eshoo,D,63.2,California,18,True,True,"2,114,909","2,059,158"
80,Rishi Kumar,D,36.8,California,18,False,False,"674,383","691,938"
81,Zoe Lofgren,D,71.7,California,19,True,True,"1,755,555","1,731,700"
82,Justin Aguilera,R,28.3,California,19,False,False,"9,112","11,542"
83,Jimmy Panetta,D,76.8,California,20,True,True,"2,009,894","1,592,671"
84,Jeff Gorman,R,23.2,California,20,False,False,"67,634","64,947"
85,TJ Cox,D,49.6,California,21,True,False,"5,695,157","5,694,005"
86,David Valadao,R,50.4,California,21,False,True,"4,067,880","3,982,587"
87,Devin Nunes,R,54.2,California,22,True,True,"26,825,212","20,156,093"
88,Phil Arballo,D,45.8,California,22,False,False,"5,091,451","5,062,185"
89,Kevin McCarthy,R,62.1,California,23,True,True,"27,780,644","24,265,583"
90,Kim Mangone,D,37.9,California,23,False,False,"1,671,101","1,665,373"
91,Salud Carbajal,D,58.7,California,24,True,True,"2,117,836","1,451,622"
92,Andy Caldwell,R,41.3,California,24,False,False,"1,298,798","1,268,199"
93,Mike Garcia,R,0,California,25,False,True,"9,962,507","9,584,648"
94,Christy Smith,D,0,California,25,False,False,"5,977,734","5,808,477"
95,George Papadopoulos,R,0,California,25,False,False,"132,106","132,106"
96,Julia Brownley,D,60.6,California,26,True,True,"1,976,695","1,314,677"
97,Ronda Kennedy,R,39.4,California,26,False,False,"246,226","67,208"
98,Judy Chu,D,69.8,California,27,True,True,"1,213,706","956,298"
99,Johnny Nalbandian,R,30.2,California,27,False,False,"39,584","39,159"
100,Adam Schiff,D,72.7,California,28,True,True,"19,382,855","10,188,664"
101,Eric Early,R,27.3,California,28,False,False,"4,085,322","3,790,027"
102,Tony Cardenas,D,56.6,California,29,True,True,"1,419,697","1,213,588"
103,Angelica Duenas,3,43.4,California,29,False,False,"78,083","76,627"
104,Brad Sherman,D,69.5,California,30,True,True,"1,513,374","1,111,826"
105,Pete Aguilar,D,61.3,California,31,True,True,"2,475,748","1,861,434"
106,Agnes Gibboney,R,38.7,California,31,False,False,"138,687","127,907"
107,Grace Napolitano,D,66.6,California,32,True,True,"478,426","251,047"
108,Joshua Scott,R,33.4,California,32,False,False,"23,624","14,248"
109,Ted Lieu,D,67.6,California,33,True,True,"1,661,436","1,582,573"
110,James Bradley,R,32.4,California,33,False,False,"78,910","79,035"
111,Jimmy Gomez,D,53.0,California,34,True,True,"1,401,166","1,268,312"
112,David Kim,D,47.0,California,34,False,False,"193,430","80,381"
113,Norma Torres,D,69.3,California,35,True,True,"654,727","664,600"
114,Mike Cargile,R,30.7,California,35,False,False,"36,113","35,915"
115,Raul Ruiz,D,60.3,California,36,True,True,"2,402,624","1,732,443"
116,Erin Cruz,R,39.7,California,36,False,False,"54,217","53,840"
117,Karen Bass,D,85.9,California,37,True,True,"2,216,467","1,202,942"
118,Errol Webber,R,14.1,California,37,False,False,"66,398","174,076"
119,Linda Sanchez,D,74.3,California,38,True,True,"1,246,008","1,140,165"
120,Gil Cisneros,D,49.4,California,39,True,False,"4,370,133","4,350,464"
121,Young Kim,R,50.6,California,39,False,True,"6,424,556","6,021,651"
122,Lucille Roybal-Allard,D,72.7,California,40,True,True,"739,790","741,379"
123,Antonio Delgado,R,27.3,California,40,False,False,"85,014","79,270"
124,Mark Takano,D,64.0,California,41,True,True,"1,020,456","949,494"
125,Aja Smith,R,36.0,California,41,False,False,"660,658","659,909"
126,Ken Calvert,R,57.1,California,42,True,True,"1,441,812","1,549,113"
127,Liam O'Mara,D,42.9,California,42,False,False,"130,065","128,782"
128,Maxine Waters,D,71.7,California,43,True,True,"1,836,660","1,906,957"
129,Joe Collins,R,28.3,California,43,False,False,"10,556,626","9,921,103"
130,Nanette Barragan,D,67.8,California,44,True,True,"1,173,909","714,023"
131,Katie Porter,D,53.5,California,45,True,True,"16,627,706","6,443,700"
132,Greg Raths,R,46.5,California,45,False,False,"1,245,767","1,241,713"
133,Lou Correa,D,68.8,California,46,True,True,"1,192,715","650,707"
134,Alan Lowenthal,D,63.3,California,47,True,True,"678,648","854,902"
135,John Briscoe,R,36.7,California,47,False,False,"25,302","21,538"
136,Harley Rouda,D,48.9,California,48,True,False,"5,968,858","6,174,443"
137,Michelle Steel,R,51.1,California,48,False,True,"6,305,665","6,148,591"
138,Mike Levin,D,53.1,California,49,True,True,"3,845,768","2,901,566"
139,Brian Maryott,R,46.9,California,49,False,False,"2,810,253","2,808,217"
140,Darrell Issa,R,54.0,California,50,False,True,"11,239,670","10,947,106"
141,Ammar Campa-Najjar,D,46.0,California,50,False,False,"6,248,210","6,247,762"
142,Juan Vargas,D,68.3,California,51,True,True,"799,734","801,671"
143,Juan Hidalgo,R,31.7,California,51,False,False,"83,730","81,182"
144,Scott Peters,D,61.6,California,52,True,True,"1,911,791","2,131,849"
145,James Debello,R,38.4,California,52,False,False,"233,464","224,630"
146,Sara Jacobs,D,59.5,California,53,False,True,"7,678,363","7,586,186"
147,Georgette Gomez,D,40.5,California,53,False,False,"1,691,794","1,663,252"
148,Cory Gardner,R,44.2,Colorado,2020,True,False,"28,075,081","27,302,790"
149,John Hickenlooper,D,53.5,Colorado,2020,False,True,"43,012,518","41,370,435"
150,Diana DeGette,D,73.7,Colorado,01,True,True,"1,201,026","1,077,130"
151,Joseph Neguse,D,61.5,Colorado,02,True,True,"1,353,325","674,602"
152,Charles Winn,R,35.4,Colorado,02,False,False,"98,338","98,338"
153,Alex Johnson,I,0,Colorado,02,False,False,"4,782","4,093"
154,Diane Mitsch,D,45.2,Colorado,03,False,False,"5,008,274","4,984,238"
155,Lauren Boebert,R,51.4,Colorado,03,False,True,"2,989,510","2,632,716"
156,Chris Milton,3,1.0,Colorado,03,False,False,"12,012","12,012"
157,Ken Buck,R,60.1,Colorado,04,True,True,"478,984","539,393"
158,Ike McCorkle,D,36.1,Colorado,04,False,False,"369,871","217,398"
159,Doug Lamborn,R,57.6,Colorado,05,True,True,"540,712","329,011"
160,Jillian Freeland,D,37.4,Colorado,05,False,False,"185,255","175,548"
161,Rebecca Keltie,3,0.8,Colorado,05,False,False,"2,552","1,495"
162,Jason Crow,D,57.1,Colorado,06,True,True,"4,136,137","2,892,443"
163,Steven House,R,40.0,Colorado,06,False,False,"1,200,056","1,198,044"
164,Jaimie Kulikowski,3,0.9,Colorado,06,False,False,"72,293","110,645"
165,Ed Perlmutter,D,59.1,Colorado,07,True,True,"1,632,262","1,339,482"
166,Casper Stockham,R,37.6,Colorado,07,False,False,"147,872","147,872"
167,Anthony Malgieri,I,0,Colorado,07,False,False,"1,930","1,958"
168,John Larson,D,63.7,Connecticut,01,True,True,"1,377,238","1,323,690"
169,Mary Fay,R,35.0,Connecticut,01,False,False,"26,836","25,118"
170,Joe Courtney,D,59.4,Connecticut,02,True,True,"964,731","999,360"
171,Justin Anderson,R,38.2,Connecticut,02,False,False,"80,227","78,767"
172,Rosa DeLauro,D,58.7,Connecticut,03,True,True,"1,938,999","1,795,635"
173,Margaret Streicker,R,39.8,Connecticut,03,False,False,"1,839,080","1,835,385"
174,Justin Paglino,3,1.5,Connecticut,03,False,False,"29,200","28,670"
175,Jim Himes,D,62.3,Connecticut,04,True,True,"1,612,935","2,180,029"
176,Jonathan Riddle,R,36.2,Connecticut,04,False,False,"31,591","17,385"
177,Jahana Hayes,D,55.1,Connecticut,05,True,True,"2,037,826","1,564,685"
178,David Sullivan,R,43.5,Connecticut,05,False,False,"397,395","397,370"
179,Chris Coons,D,59.4,Delaware,2020,True,True,"7,145,796","6,023,516"
180,Lauren Witzke,R,37.9,Delaware,2020,False,False,"468,650","465,316"
181,Lisa Blunt,D,57.6,Delaware,01,True,True,"2,024,201","1,305,618"
182,Lee Murphy,R,40.2,Delaware,01,False,False,"131,394","131,862"
183,Catherine Purcell,I,1.4,Delaware,01,False,False,"5,344","5,103"
184,Matt Gaetz,R,64.6,Florida,01,True,True,"5,946,646","4,482,782"
185,Phil Ehr,D,34.0,Florida,01,False,False,"2,025,099","1,900,451"
186,Bert Oram,I,1.4,Florida,01,False,False,"8,108","7,070"
187,Neal Dunn,R,98.0,Florida,02,True,True,"653,488","637,580"
188,Kristy Thripp,I,0,Florida,02,False,False,145,145
189,Kat Cammack,R,57.1,Florida,03,False,True,"1,122,188","1,090,334"
190,Adam Christensen,D,42.9,Florida,03,False,False,"216,021","219,108"
191,John Rutherford,R,61.1,Florida,04,True,True,"1,024,912","1,283,701"
192,Donna Deegan,D,38.9,Florida,04,False,False,"1,013,157","1,013,157"
193,Al Lawson,D,65.1,Florida,05,True,True,"848,498","695,779"
194,Gary Adler,R,34.9,Florida,05,False,False,"146,909","146,909"
195,Michael Waltz,R,60.6,Florida,06,True,True,"2,549,667","1,716,768"
196,Clint Curtis,D,39.4,Florida,06,False,False,"24,310","22,251"
197,Gerry Nolan,I,0,Florida,06,False,False,"4,467","5,256"
198,Stephanie Murphy,D,55.3,Florida,07,True,True,"3,124,692","1,798,549"
199,Leo Valentin,R,43.2,Florida,07,False,False,"1,045,426","1,031,316"
200,Bill Garlington,I,1.4,Florida,07,False,False,"11,000",0
201,Bill Posey,R,61.4,Florida,08,True,True,"985,268","1,121,834"
202,James Kennedy,D,38.6,Florida,08,False,False,"138,568","138,790"
203,Darren Soto,D,56.0,Florida,09,True,True,"1,111,750","945,868"
204,William Olson,R,44.0,Florida,09,False,False,"404,406","401,088"
205,Val Demings,D,63.6,Florida,10,True,True,"1,876,047","1,191,020"
206,Vennia Francois,R,36.4,Florida,10,False,False,"335,480","332,852"
207,Kristofer Steven,I,0,Florida,10,False,False,47,47
208,Daniel Webster,R,66.7,Florida,11,True,True,"691,261","586,965"
209,Dana Cottrell,D,33.3,Florida,11,False,False,"62,658","62,380"
210,Gus Bilirakis,R,62.9,Florida,12,True,True,"1,604,137","1,548,634"
211,Kim Walker,D,37.1,Florida,12,False,False,"42,802","33,544"
212,Charlie Crist,D,53.0,Florida,13,True,True,"2,720,646","3,980,695"
213,Anna Paulina,R,47.0,Florida,13,False,False,"3,302,944","3,262,236"
214,Kathy Castor,D,60.3,Florida,14,True,True,"884,651","1,201,653"
215,Christine Quinn,R,39.7,Florida,14,False,False,"242,144","241,187"
216,Alan Cohn,D,44.6,Florida,15,False,False,"2,333,053","2,300,197"
217,Scott Franklin,R,55.4,Florida,15,False,True,"1,663,898","1,638,417"
218,Vernon Buchanan,R,55.5,Florida,16,True,True,"3,094,611","3,100,766"
219,Margaret Good,D,44.5,Florida,16,False,False,"3,411,924","3,407,845"
220,Greg Steube,R,64.6,Florida,17,True,True,"759,908","621,200"
221,Allen Ellison,D,34.1,Florida,17,False,False,"83,481","78,243"
222,Brian Mast,R,56.4,Florida,18,True,True,"6,128,177","5,301,307"
223,Pam Keith,D,41.5,Florida,18,False,False,"1,639,873","1,632,736"
224,Byron Donalds,R,61.3,Florida,19,False,True,"3,219,579","2,738,685"
225,Cindy Banyai,D,38.7,Florida,19,False,False,"214,750","203,430"
226,Alcee Hastings,D,78.7,Florida,20,True,True,"607,649","543,316"
227,Greg Musselwhite,R,21.3,Florida,20,False,False,"28,955","27,538"
228,Lois Frankel,D,59.0,Florida,21,True,True,"1,534,882","1,309,786"
229,Laura Loomer,R,39.1,Florida,21,False,False,"2,271,604","2,240,689"
230,Charleston Malkemus,I,1.9,Florida,21,False,False,"28,928","28,636"
231,Ted Deutch,D,58.6,Florida,22,True,True,"1,364,438","1,265,494"
232,Jim Pruden,R,41.4,Florida,22,False,False,"278,416","278,416"
233,Debbie Wasserman,D,58.2,Florida,23,True,True,"2,191,922","1,979,903"
234,Carla Spalding,R,41.8,Florida,23,False,False,"919,579","903,561"
235,Frederica Wilson,D,75.6,Florida,24,True,True,"412,592","321,019"
236,Lavern Spicer,R,20.4,Florida,24,False,False,"34,973","34,909"
237,Christine Olivo,I,4.0,Florida,24,False,False,"31,646","32,898"
238,Mario Diaz-Balart,R,100.0,Florida,25,True,True,"1,590,134","804,054"
239,Debbie Mucarsel-Powell,D,48.3,Florida,26,True,False,"6,793,521","6,822,740"
240,Carlos Gimenez,R,51.7,Florida,26,False,True,"2,226,559","2,187,389"
241,Donna Shalala,D,48.6,Florida,27,True,False,"3,842,907","3,735,966"
242,Maria Salazar,R,51.4,Florida,27,False,True,"3,654,190","3,645,814"
243,Frank Polo,I,0,Florida,27,False,False,"4,606","4,662"
244,David Perdue,R,49.7,Georgia,2020,True,False,"102,253,913","89,886,197"
245,Jon Ossoff,D,48.0,Georgia,2020,False,True,"153,630,112","149,298,379"
246,Valencia Stovall,I,0,Georgia,2020,False,False,"23,107","23,107"
247,Allen Buckley,I,0,Georgia,2020,False,False,"14,097","14,097"
248,Raphael Warnock,D,0,Georgia,2020,False,False,"145,728,550","142,497,506"
249,Kelly Loeffler,R,0,Georgia,2020,True,False,"92,135,745","70,879,780"
250,Doug Collins,R,0,Georgia,2020,False,False,"6,705,461","6,684,689"
251,Matthew Lieberman,D,0,Georgia,2020,False,False,"1,339,527","1,337,326"
252,Ed Tarver,D,0,Georgia,2020,False,False,"285,234","282,834"
253,Wayne Johnson,R,0,Georgia,2020,False,False,"151,000","146,813"
254,Richard Dien,D,0,Georgia,2020,False,False,"61,020","55,517"
255,Tamara Johnson-Shealey,D,0,Georgia,2020,False,False,"59,891","64,259"
256,Derrick Grayson,R,0,Georgia,2020,False,False,"33,247","27,829"
257,Kandiss Taylor,R,0,Georgia,2020,False,False,"30,769","25,549"
258,Deborah Jackson,D,0,Georgia,2020,False,False,"19,089","20,502"
259,John Fortuin,3,0,Georgia,2020,False,False,"8,681","8,616"
260,Al Bartell,I,0,Georgia,2020,False,False,"7,754","7,822"
261,Brian Slowinski,L,0,Georgia,2020,False,False,"5,220","5,220"
262,Buddy Carter,R,58.4,Georgia,01,True,True,"2,315,487","1,734,754"
263,Joyce Griggs,D,41.7,Georgia,01,False,False,"130,043","125,000"
264,Sanford Bishop,D,59.1,Georgia,02,True,True,"1,540,683","1,440,571"
265,Don Cole,R,40.9,Georgia,02,False,False,"164,274","162,522"
266,Drew Ferguson,R,65.0,Georgia,03,True,True,"2,374,212","2,150,911"
267,Val Almonord,D,35.0,Georgia,03,False,False,"35,762","31,946"
268,Hank Johnson,D,80.1,Georgia,04,True,True,"628,303","490,360"
269,Johsira C.,R,19.9,Georgia,04,False,False,"12,954","23,146"
270,Robert Franklin,D,0,Georgia,05,False,False,"360,473","358,394"
271,Kwanza Hall,D,0,Georgia,05,False,False,"239,597","227,091"
272,Chase Oliver,L,0,Georgia,05,False,False,"9,225","5,220"
273,Steven Muhammad,I,0,Georgia,05,False,False,"3,497","$4,965"
274,Lucy McBath,D,54.6,Georgia,06,True,True,"8,507,298","8,586,054"
275,Karen Handel,R,45.4,Georgia,06,False,False,"3,026,243","3,072,932"
276,Carolyn Bourdeaux,D,54.4,Georgia,07,False,True,"5,133,244","5,161,230"
277,Richard McCormick,R,48.6,Georgia,07,False,False,"2,595,446","2,563,724"
278,Austin Scott,R,64.5,Georgia,08,True,True,"821,745","716,159"
279,Jimmy Cooper,3,35.5,Georgia,08,False,False,"8,542","8,528"
280,Lindsay Holliday,D,0,Georgia,08,False,False,"7,480","5,220"
281,Andrew Clyde,R,78.6,Georgia,09,False,True,"1,569,425","1,561,316"
282,Devin Pandy,D,21.4,Georgia,09,False,False,"84,272","84,623"
283,Jody Hice,R,62.3,Georgia,10,True,True,"595,947","457,648"
284,Tabitha Johnson-Green,D,37.7,Georgia,10,False,False,"14,808","12,214"
285,Barry Loudermilk,R,60.4,Georgia,11,True,True,"877,767","700,851"
286,Dana Barrett,D,39.6,Georgia,11,False,False,"404,625","394,977"
287,Richard W,R,58.4,Georgia,12,True,True,"1,228,970","662,818"
288,Liz Johnson,D,41.6,Georgia,12,False,False,"72,061","72,061"
289,David Scott,D,77.4,Georgia,13,True,True,"1,209,614","1,131,746"
290,Becky Hites,R,22.6,Georgia,13,False,False,"63,509","62,935"
291,Martin Cowen,L,0,Georgia,13,False,False,"13,460","13,464"
292,Marjorie Taylor,R,74.8,Georgia,14,False,True,"2,596,914","2,237,599"
293,Ed Case,D,64.7,Hawaii,01,True,False,"508,249","472,569"
294,Ron Curtis,R,25.1,Hawaii,01,False,False,"12,538","12,647"
295,Kai Kahele,D,57.9,Hawaii,02,False,True,"1,235,523","1,039,637"
296,Joe Akana,R,28.3,Hawaii,02,False,False,"54,534","55,344"
297,Jonathan Hoomanawanui,3,2.2,Hawaii,02,False,False,"1,883","1,522"
298,James E,R,62.6,Idaho,2020,True,True,"3,321,170","2,271,880"
299,Paulette Jordan,D,33.3,Idaho,2020,False,False,"1,111,148","1,095,995"
300,Ray J.,3,1.2,Idaho,2020,False,False,"4,190","3,311"
301,Russ Fulcher,R,67.8,Idaho,01,True,True,"575,485","508,457"
302,Rudy Soto,D,28.7,Idaho,01,False,False,"302,902","302,902"
303,Mike Simpson,R,64.1,Idaho,02,True,True,"1,008,847","1,099,604"
304,Aaron Swisher,D,31.7,Idaho,02,False,False,"70,674","70,268"
305,Dick Durbin,D,54.6,Illinois,2020,True,True,"10,431,747","10,097,276"
306,Willie Wilson,I,4.0,Illinois,2020,False,False,"1,250,621","1,227,349"
307,Mark Curran,R,38.7,Illinois,2020,False,False,"352,283","352,283"
308,Danny Malouf,L,1.8,Illinois,2020,False,False,"12,536","12,179"
309,Bobby Rush,D,73.8,Illinois,01,True,True,"541,435","496,454"
310,Philanise White,R,26.2,Illinois,01,False,False,"6,289","5,048"
311,Robin Kelly,D,78.8,Illinois,02,True,True,"1,634,783","1,108,137"
312,Marie Newman,D,56.4,Illinois,03,False,True,"2,802,093","2,699,323"
313,Mike Fricilone,R,43.6,Illinois,03,False,False,"128,458","127,980"
314,Jesus Garcia,D,16.0,Illinois,04,True,True,"822,846","711,159"
315,Jesus Solorio,R,84.0,Illinois,04,False,False,"2,065",843
316,Mike Quigley,D,70.8,Illinois,05,True,True,"1,171,507","926,655"
317,Sean Casten,D,52.8,Illinois,06,True,True,"5,582,179","5,313,570"
318,Jeanne Ives,R,45.4,Illinois,06,False,False,"3,157,771","3,135,464"
319,Bill Redpath,L,1.7,Illinois,06,False,False,"9,837","9,837"
320,Danny K,D,80.4,Illinois,07,True,True,"544,690","505,506"
321,Tracy Jennings,3,6.2,Illinois,07,False,False,"65,283","65,283"
322,Raja Krishnamoorthi,D,73.2,Illinois,08,True,True,"6,358,878","2,207,703"
323,Jan Schakowsky,D,71.0,Illinois,09,True,True,"1,834,801","1,514,838"
324,Sargis Sangari,R,29.0,Illinois,09,False,False,"35,364","34,715"
325,Brad Schneider,D,63.8,Illinois,10,True,True,"3,459,512","2,873,333"
326,Valerie Ramirez,R,36.2,Illinois,10,False,False,"130,225","64,764"
327,Bill Foster,D,63.3,Illinois,11,True,True,"2,381,354","1,823,906"
328,Rick Laib,R,36.7,Illinois,11,False,False,"20,343","20,064"
329,Mike Bost,R,60.6,Illinois,12,True,True,"1,918,041","1,509,573"
330,Ray Lenzi,D,39.4,Illinois,12,False,False,"161,324","104,809"
331,Rodney Davis,R,54.4,Illinois,13,True,True,"4,943,459","4,822,600"
332,Betsy Dirksen,D,45.6,Illinois,13,False,False,"5,297,007","5,281,880"
333,Lauren A,D,50.7,Illinois,14,True,True,"7,803,579","7,301,503"
334,Jim Oberweis,R,49.3,Illinois,14,False,False,"2,438,857","2,348,798"
335,Mary Miller,R,73.5,Illinois,15,False,True,"689,057","570,356"
336,Erika Weaver,D,26.5,Illinois,15,False,False,"58,689","23,349"
337,Adam Kinzinger,R,64.8,Illinois,16,True,True,"2,105,736","1,588,550"
338,Dani Brzozowski,D,35.2,Illinois,16,False,False,"459,344","376,167"
339,Cheri Bustos,D,52.0,Illinois,17,True,True,"4,975,192","6,391,009"
340,Esther Joy,R,48.0,Illinois,17,False,False,"2,032,878","2,030,587"
341,Darin LaHood,R,70.5,Illinois,18,True,True,"3,248,113","1,749,128"
342,Frank Mrvan,D,56.6,Indiana,01,False,True,"578,635","464,407"
343,Mark Leyva,R,40.4,Indiana,01,False,False,"16,551","15,343"
344,Jackie Walorski,R,61.5,Indiana,02,True,True,"2,383,467","1,698,202"
345,Pat Hackett,D,38.5,Indiana,02,False,False,"881,888","867,301"
346,Jim Banks,R,67.8,Indiana,03,True,True,"1,202,509","769,591"
347,Chip Coldiron,D,32.2,Indiana,03,False,False,"94,056","89,883"
348,Jim Baird,R,66.6,Indiana,04,True,True,"327,727","190,158"
349,Joe Mackey,D,33.4,Indiana,04,False,False,"44,585","43,213"
350,Christina Hale,D,45.9,Indiana,05,False,False,"4,010,368","3,998,905"
351,Victoria Spartz,R,50.0,Indiana,05,False,True,"3,119,328","3,010,203"
352,Greg Pence,R,68.7,Indiana,06,True,True,"3,114,448","2,804,148"
353,Jeannine Lee,D,27.7,Indiana,06,False,False,"143,089","145,315"
354,Andre Carson,D,62.4,Indiana,07,True,True,"1,011,635","873,962"
355,Susan Marie,R,37.6,Indiana,07,False,False,"62,905","59,843"
356,Larry Bucshon,R,66.9,Indiana,08,True,True,"1,051,336","1,078,646"
357,Thomasina Marsili,D,29.8,Indiana,08,False,False,"68,734","68,480"
358,Trey Hollingsworth,R,60.9,Indiana,09,True,True,"1,166,754","501,136"
359,Andy Ruff,D,34.8,Indiana,09,False,False,"148,263","134,906"
360,Tonya Millis,L,4.3,Indiana,09,False,False,"10,224","10,041"
361,Joni Ernst,R,51.8,Iowa,2020,True,True,"30,345,910","29,945,779"
362,Theresa Greenfield,D,45.2,Iowa,2020,False,False,"55,592,603","55,562,367"
363,Suzanne Herzog,I,0.8,Iowa,2020,False,False,"18,300","18,300"
364,Rick Stewart,L,2.2,Iowa,2020,False,False,"8,820","16,093"
365,Abby Finkenauer,D,48.7,Iowa,01,True,False,"5,901,441","5,875,405"
366,Ashley Hinson,R,51.3,Iowa,01,False,True,"5,175,883","5,059,211"
367,Rita Hart,D,50.0,Iowa,02,False,False,"4,232,992","4,114,400"
368,Mariannette Miller-Meeks,R,50.0,Iowa,02,False,True,"2,174,194","1,721,926"
369,Cindy Axne,D,49.0,Iowa,03,True,True,"6,236,976","6,236,994"
370,David Young,R,47.6,Iowa,03,False,False,"3,170,072","3,094,582"
371,J.D. Scholten,D,62.1,Iowa,04,False,False,"2,885,915","2,902,003"
372,Randy Feenstra,R,37.9,Iowa,04,False,True,"1,906,234","1,894,288"
373,Barbara Bollier,D,41.6,Kansas,2020,False,False,"28,662,913","28,499,933"
374,Roger Marshall,R,53.5,Kansas,2020,False,True,"6,609,476","7,007,803"
375,Tracey Mann,R,71.4,Kansas,01,False,True,"1,403,353","1,127,156"
376,Kali Barnett,D,28.6,Kansas,01,False,False,"603,036","592,924"
377,Michelle De,D,40.5,Kansas,02,False,False,"1,825,085","1,810,968"
378,Jake Laturner,R,55.3,Kansas,02,False,True,"1,593,407","1,578,460"
379,Sharice Davids,D,53.4,Kansas,03,True,True,"5,638,552","5,168,034"
380,Amanda Adkins,R,43.8,Kansas,03,False,False,"2,182,382","2,139,673"
381,Ron Estes,R,64.0,Kansas,04,True,True,"1,993,808","1,420,188"
382,Laura Lombard,D,36.0,Kansas,04,False,False,"264,459","258,684"
383,Mitch McConnell,R,57.8,Kentucky,2020,True,True,"71,351,350","64,787,889"
384,Amy McGrath,D,38.2,Kentucky,2020,False,False,"94,120,557","90,775,744"
385,Brad Barron,L,4.0,Kentucky,2020,False,False,"112,187","16,601"
386,James Comer,R,75.0,Kentucky,01,True,True,"736,116","502,554"
387,Brett Guthrie,R,71.0,Kentucky,02,True,True,"1,412,797","1,566,622"
388,Hank Linderman,D,26.3,Kentucky,02,False,False,"93,388","71,122"
389,Robert Lee,L,2.1,Kentucky,02,False,False,"12,798","7,825"
390,John Yarmuth,D,62.7,Kentucky,03,True,True,"658,295","690,226"
391,Rhonda Palazzo,R,37.3,Kentucky,03,False,False,"46,144","45,668"
392,Thomas Massie,R,67.1,Kentucky,04,True,True,"1,457,316","1,563,275"
393,Alexandra Owensby,D,32.9,Kentucky,04,False,False,"156,174","106,359"
394,Hal Rogers,R,84.2,Kentucky,05,True,True,"664,168","835,781"
395,Andy Barr,R,57.3,Kentucky,06,True,True,"4,536,264","4,316,239"
396,Josh Hicks,D,41.0,Kentucky,06,False,False,"2,936,320","2,935,615"
397,Bill Cassidy,R,59.3,Louisiana,2020,True,True,"11,304,150","10,558,926"
398,Adrian Perkins,D,19.0,Louisiana,2020,False,False,"2,725,722","2,570,823"
399,Peter Wenstrup,D,0.7,Louisiana,2020,False,False,"160,339","148,632"
400,Dartanyon Williams,D,2.6,Louisiana,2020,False,False,"111,316","98,114"
401,Antoine Pierce,D,1.9,Louisiana,2020,False,False,"100,627","54,892"
402,Derrick Edwards,D,0.8,Louisiana,2020,False,False,"41,702","37,897"
403,Dustin Murphy,R,0.8,Louisiana,2020,False,False,"12,765","8,694"
404,Beryl Billiot,I,0.6,Louisiana,2020,False,False,"6,375","6,375"
405,John Paul,I,0,Louisiana,2020,False,False,"3,500","3,400"
406,Aaron Sigler,L,0,Louisiana,2020,False,False,"3,298","2,647"
407,Steve Scalise,R,72.2,Louisiana,01,True,True,"37,262,827","32,830,607"
408,Cedric Richmond,D,63.6,Louisiana,02,True,True,"1,628,289","1,302,079"
409,Clay Higgins,R,67.8,Louisiana,03,True,True,"751,498","720,424"
410,Robert Jon,D,11.6,Louisiana,03,False,False,"63,617","48,015"
411,Braylon Harris,D,17.9,Louisiana,03,False,False,"23,006","15,130"
412,Mike Johnson,R,60.4,Louisiana,04,True,True,"1,299,787","1,039,393"
413,Kenny Houston,D,25.5,Louisiana,04,False,False,"33,677","33,407"
414,Luke Letlow,R,0,Louisiana,05,False,False,"1,392,822","1,303,757"
415,Lance Harris,R,0,Louisiana,05,False,False,"696,805","687,833"
416,Martin Lemelle,D,0,Louisiana,05,False,False,"173,796","162,747"
417,Scotty Robinson,R,0,Louisiana,05,False,False,"113,903","113,835"
418,Candy Christophe,D,0,Louisiana,05,False,False,"77,101","131,161"
419,Phillip Snowden,D,0,Louisiana,05,False,False,"29,481","28,077"
420,Matthew Hasty,R,0,Louisiana,05,False,False,"2,654","2,615"
421,Garret Graves,R,71.1,Louisiana,06,True,True,"1,743,015","1,200,287"
422,Dartanyon Williams,D,25.6,Louisiana,06,False,False,"111,316","98,114"
423,Susan Collins,R,51.1,Maine,2020,True,True,"29,967,118","29,600,689"
424,Sara Gideon,D,42.2,Maine,2020,False,False,"74,498,517","62,939,062"
425,Max Linn,I,1.7,Maine,2020,False,False,"505,540","490,653"
426,Lisa Savage,3,5.0,Maine,2020,False,False,"208,800","197,255"
427,Chellie Pingree,D,61.5,Maine,01,True,True,"487,080","264,790"
428,Jay Allen,R,38.5,Maine,01,False,False,"79,585","69,853"
429,Jared Golden,D,52.9,Maine,02,True,True,"5,272,142","5,233,990"
430,Dale Crafts,R,47.1,Maine,02,False,False,"1,199,805","1,196,117"
431,Andy Harris,R,63.5,Maryland,01,True,True,"1,468,096","973,953"
432,Mia Mason,D,36.3,Maryland,01,False,False,"2,524",0
433,Dutch Ruppersberger,D,67.2,Maryland,02,True,True,"1,012,835","927,353"
434,Johnny Ray,R,32.6,Maryland,02,False,False,"68,320","66,895"
435,John Sarbanes,D,69.5,Maryland,03,True,True,"573,599","687,299"
436,Charles Anthony,R,30.3,Maryland,03,False,False,"7,798","6,742"
437,Anthony Brown,D,79.3,Maryland,04,True,True,"1,446,636","846,827"
438,Steny H,D,68.5,Maryland,05,True,True,"4,587,189","4,342,255"
439,Chris Palombi,R,31.2,Maryland,05,False,False,"43,462","42,095"
440,David Trone,D,57.9,Maryland,06,True,True,"2,944,893","2,959,748"
441,Neil Parrott,R,40.2,Maryland,06,False,False,"315,936","261,259"
442,Kimberly Klacik,R,0,Maryland,07,False,False,"8,296,845","7,499,454"
443,Kweisi Mfume,D,0,Maryland,07,False,True,"1,014,126","713,389"
444,Kweisi Mfume,D,71.6,Maryland,07,True,True,"1,014,126","713,389"
445,Kimberly Klacik,R,28.1,Maryland,07,False,False,"8,296,845","7,499,454"
446,Amber Ivey,I,0,Maryland,07,False,False,"41,924","43,394"
447,Jamie Raskin,D,67.3,Maryland,08,True,True,"2,072,652","1,399,252"
448,Gregory Coll,R,32.5,Maryland,08,False,False,"30,876","27,257"
449,Ed Markey,D,66.2,Massachusetts,2020,True,True,"14,031,363","14,616,488"
450,Kevin O'Connor,R,33.0,Massachusetts,2020,False,False,"937,696","874,733"
451,Edward James,I,0,Massachusetts,2020,False,False,"5,625","4,966"
452,Richard E,D,96.5,Massachusetts,01,True,True,"4,949,384","5,873,122"
453,James P,D,65.3,Massachusetts,02,True,True,"1,052,549","1,089,412"
454,Tracy Lovvorn,R,34.6,Massachusetts,02,False,False,"26,311","22,319"
455,Lori Trahan,D,97.7,Massachusetts,03,True,True,"1,449,303","1,232,437"
456,Jake Auchincloss,D,60.8,Massachusetts,04,False,True,"2,608,686","2,150,904"
457,Julie Hall,R,38.9,Massachusetts,04,False,False,"131,603","129,378"
458,Katherine Clark,D,74.3,Massachusetts,05,True,True,"1,788,706","1,514,877"
459,Caroline Colarusso,R,25.6,Massachusetts,05,False,False,"148,635","146,972"
460,Seth Moulton,D,65.4,Massachusetts,06,True,True,"1,289,805","1,802,169"
461,John Paul,R,34.4,Massachusetts,06,False,False,"300,220","299,104"
462,Ayanna Pressley,D,86.6,Massachusetts,07,True,True,"2,163,370","1,748,432"
463,Stephen Lynch,D,80.7,Massachusetts,08,True,True,"905,614","1,134,662"
464,Bill Keating,D,61.3,Massachusetts,09,True,True,"708,680","652,448"
465,Helen Brady,R,36.3,Massachusetts,09,False,False,"28,233","23,735"
466,Gary Peters,D,49.9,Michigan,2020,True,True,"51,566,900","49,991,665"
467,John James,R,48.3,Michigan,2020,False,False,"48,616,697","47,513,284"
468,John Bergman,R,61.6,Michigan,01,True,True,"1,868,512","1,733,466"
469,Dana Ferguson,D,36.9,Michigan,01,False,False,"346,213","339,788"
470,Bill Huizenga,R,59.2,Michigan,02,True,True,"2,175,411","1,883,610"
471,Bryan Berghoef,D,38.2,Michigan,02,False,False,"751,576","669,864"
472,Jean-Michel Creviere,3,0.7,Michigan,02,False,False,281,"1,207"
473,Hillary Scholten,D,47.0,Michigan,03,False,False,"3,793,132","3,765,942"
474,Peter Meijer,R,53.0,Michigan,03,False,True,"2,975,972","2,887,774"
475,John Moolenaar,R,65.0,Michigan,04,True,True,"1,528,612","1,036,160"
476,Jerry Hilliard,D,32.4,Michigan,04,False,False,"23,117","23,603"
477,Dan Kildee,D,54.5,Michigan,05,True,True,"1,669,951","1,504,094"
478,Tim Kelly,R,41.7,Michigan,05,False,False,"71,106","71,106"
479,Fred Upton,R,55.8,Michigan,06,True,True,"3,616,380","3,464,617"
480,Jon Hoadley,D,40.1,Michigan,06,False,False,"3,116,491","3,098,366"
481,Tim Walberg,R,58.8,Michigan,07,True,True,"2,301,635","1,586,358"
482,Gretchen Driskell,D,41.3,Michigan,07,False,False,"1,712,840","1,712,840"
483,Elissa Slotkin,D,50.9,Michigan,08,True,True,"8,967,420","7,419,974"
484,Paul Junge,R,47.3,Michigan,08,False,False,"2,107,608","2,097,131"
485,Andy Levin,D,57.8,Michigan,09,True,True,"1,316,607","907,237"
486,Lisa McClain,R,66.3,Michigan,10,False,True,"2,266,287","2,137,031"
487,Kimberly Bizon,D,33.7,Michigan,10,False,False,"41,438","41,246"
488,Haley Stevens,D,50.2,Michigan,11,True,True,"5,776,924","5,707,448"
489,Eric Esshaki,R,47.8,Michigan,11,False,False,"1,298,612","1,291,509"
490,Debbie Dingell,D,66.4,Michigan,12,True,True,"1,630,498","1,689,582"
491,Jeff Jones,R,30.7,Michigan,12,False,False,"10,616","9,657"
